latitude,longitude,bright_ti4,scan,track,acq_date,acq_time,satellite,confidence,version,bright_ti5,frp,daynight
51.69748,8.74887,296.8,0.4,0.4,2017-04-28,0118,N,nominal,1.0NRT,274.5,0.4,N
51.76556,8.05621,303.9,0.5,0.4,2017-04-28,0118,N,nominal,1.0NRT,276,1.1,N
51.59908,8.3357,297.6,0.4,0.4,2017-04-28,0118,N,nominal,1.0NRT,275.4,0.8,N
51.59554,8.33464,301.5,0.4,0.4,2017-04-28,0118,N,nominal,1.0NRT,275.7,0.8,N
51.59201,8.33359,300.8,0.4,0.4,2017-04-28,0118,N,nominal,1.0NRT,273.5,0.8,N
51.50491,6.73423,301.7,0.5,0.4,2017-04-28,0118,N,nominal,1.0NRT,277.9,1.2,N
51.50417,6.74141,297,0.5,0.4,2017-04-28,0118,N,nominal,1.0NRT,277.6,1.2,N
51.50192,6.72596,304.2,0.5,0.4,2017-04-28,0118,N,nominal,1.0NRT,282.2,1.8,N
51.49671,6.73939,302.1,0.5,0.4,2017-04-28,0118,N,nominal,1.0NRT,276.4,1.4,N
51.49298,6.73837,308.4,0.5,0.4,2017-04-28,0118,N,nominal,1.0NRT,276.7,1.4,N
51.50514,6.73568,299.9,0.5,0.4,2017-04-28,0118,N,nominal,1.0NRT,278,1.5,N
51.50219,6.72745,303,0.5,0.4,2017-04-28,0118,N,nominal,1.0NRT,281.6,1.5,N
51.49692,6.74084,307.7,0.5,0.4,2017-04-28,0118,N,nominal,1.0NRT,277.1,1.5,N
51.49319,6.73982,304,0.5,0.4,2017-04-28,0118,N,nominal,1.0NRT,276.6,1.5,N
51.48947,6.7388,298.2,0.5,0.4,2017-04-28,0118,N,nominal,1.0NRT,274.6,0.8,N
51.48878,6.70908,297.2,0.5,0.4,2017-04-28,0118,N,nominal,1.0NRT,276.9,1.3,N
51.48504,6.7081,340.2,0.5,0.4,2017-04-28,0118,N,nominal,1.0NRT,279.8,4.6,N
51.48353,6.72244,322,0.5,0.4,2017-04-28,0118,N,nominal,1.0NRT,277.7,1.8,N
51.4858,6.70088,316.1,0.5,0.4,2017-04-28,0118,N,nominal,1.0NRT,275.5,4.5,N
51.48131,6.70708,301.5,0.5,0.4,2017-04-28,0118,N,nominal,1.0NRT,274.7,4.6,N
51.4798,6.72142,310.5,0.5,0.4,2017-04-28,0118,N,nominal,1.0NRT,273.8,1.8,N
51.46261,6.73892,317.2,0.5,0.4,2017-04-28,0118,N,nominal,1.0NRT,275.4,1.7,N
51.45889,6.7379,302.6,0.5,0.4,2017-04-28,0118,N,nominal,1.0NRT,274.2,1.1,N
51.37,6.70728,297.7,0.5,0.4,2017-04-28,0118,N,nominal,1.0NRT,278.4,4.4,N
51.36924,6.71445,299.1,0.5,0.4,2017-04-28,0118,N,nominal,1.0NRT,279.1,1.9,N
51.36626,6.70629,343.5,0.5,0.4,2017-04-28,0118,N,nominal,1.0NRT,280.8,4.4,N
51.36551,6.71344,324.7,0.5,0.4,2017-04-28,0118,N,nominal,1.0NRT,279,1.9,N
50.81974,5.68846,306.6,0.5,0.4,2017-04-28,0118,N,nominal,1.0NRT,276.3,2.7,N
50.76194,5.67418,296.2,0.5,0.4,2017-04-28,0118,N,nominal,1.0NRT,275.5,0.9,N
49.95343,9.77088,297.7,0.4,0.4,2017-04-28,0118,N,nominal,1.0NRT,274.9,0.5,N
49.50354,5.96041,295.3,0.5,0.4,2017-04-28,0118,N,nominal,1.0NRT,272.5,1.5,N
49.35767,6.74991,318.8,0.5,0.4,2017-04-28,0118,N,nominal,1.0NRT,276.6,3,N
49.35184,6.73493,297.6,0.5,0.4,2017-04-28,0118,N,nominal,1.0NRT,272.4,1.8,N
49.3482,6.73396,322.6,0.5,0.4,2017-04-28,0118,N,nominal,1.0NRT,272.7,1.8,N
49.34941,6.73481,327.7,0.5,0.4,2017-04-28,0118,N,nominal,1.0NRT,273.9,3.9,N
49.24711,6.84705,300.8,0.5,0.4,2017-04-28,0118,N,nominal,1.0NRT,273.3,1.2,N
49.24639,6.85348,299,0.5,0.4,2017-04-28,0118,N,nominal,1.0NRT,273.3,1,N
49.3245,6.09927,295.8,0.5,0.4,2017-04-28,0118,N,nominal,1.0NRT,274.3,0.9,N
49.24349,6.84613,296.9,0.5,0.4,2017-04-28,0118,N,nominal,1.0NRT,273.2,1.2,N
49.24276,6.85264,302.7,0.5,0.4,2017-04-28,0118,N,nominal,1.0NRT,273.7,1,N
49.23883,6.1465,298.5,0.5,0.4,2017-04-28,0118,N,nominal,1.0NRT,275,0.7,N
49.2032,5.65024,296.5,0.5,0.4,2017-04-28,0118,N,nominal,1.0NRT,272.2,0.8,N
45.12413,25.42094,300.7,0.4,0.6,2017-04-28,0118,N,nominal,1.0NRT,278,0.5,N
48.61038,6.11329,303.1,0.5,0.4,2017-04-28,0118,N,nominal,1.0NRT,274,1.5,N
48.60966,6.11992,306.6,0.5,0.4,2017-04-28,0118,N,nominal,1.0NRT,276.3,0.9,N
47.81452,3.84033,297.7,0.4,0.4,2017-04-28,0118,N,nominal,1.0NRT,272.6,1,N
43.08591,24.17441,296.4,0.4,0.6,2017-04-28,0118,N,nominal,1.0NRT,282.8,0.6,N
42.71731,24.17266,337.1,0.5,0.7,2017-04-28,0118,N,nominal,1.0NRT,280.6,4.3,N
42.71161,24.17021,333.3,0.5,0.7,2017-04-28,0118,N,nominal,1.0NRT,279.5,4.3,N
45.14513,9.94462,317.8,0.4,0.4,2017-04-28,0118,N,nominal,1.0NRT,280.9,1.2,N
40.44417,27.14146,307.4,0.7,0.8,2017-04-28,0118,N,nominal,1.0NRT,283.3,3,N
41.44468,21.94046,367,0.4,0.6,2017-04-28,0118,N,nominal,1.0NRT,285.7,4.6,N
41.44344,21.94483,297.3,0.4,0.6,2017-04-28,0118,N,nominal,1.0NRT,282.2,4.6,N
41.43941,21.93805,367,0.4,0.6,2017-04-28,0118,N,nominal,1.0NRT,283,7.1,N
41.43816,21.94244,324.5,0.4,0.6,2017-04-28,0118,N,nominal,1.0NRT,283.6,7.1,N
44.80943,-0.45922,296.3,0.6,0.5,2017-04-28,0118,N,nominal,1.0NRT,272.3,0.8,N
40.69823,22.95157,298.8,0.5,0.7,2017-04-28,0118,N,nominal,1.0NRT,283.3,0.7,N
43.79378,7.37341,307.6,0.4,0.4,2017-04-28,0118,N,nominal,1.0NRT,280.2,1.7,N
43.44687,4.89829,351.2,0.5,0.4,2017-04-28,0118,N,nominal,1.0NRT,283.5,9.7,N
43.45222,4.8514,304.9,0.5,0.4,2017-04-28,0118,N,nominal,1.0NRT,280.6,1.2,N
43.44322,4.89749,336.5,0.5,0.4,2017-04-28,0118,N,nominal,1.0NRT,278.9,9.7,N
43.44024,4.89083,326,0.5,0.4,2017-04-28,0118,N,nominal,1.0NRT,280.1,1.9,N
43.4366,4.89002,303.4,0.5,0.4,2017-04-28,0118,N,nominal,1.0NRT,278.5,1.9,N
43.43593,4.89587,312,0.5,0.4,2017-04-28,0118,N,nominal,1.0NRT,279.6,1.9,N
43.44402,4.89705,337.9,0.5,0.4,2017-04-28,0118,N,nominal,1.0NRT,280.9,4.2,N
43.44472,4.8912,295.5,0.5,0.4,2017-04-28,0118,N,nominal,1.0NRT,276.6,0.8,N
43.44333,4.90287,295.4,0.5,0.4,2017-04-28,0118,N,nominal,1.0NRT,277.7,4.2,N
43.44107,4.8904,303.5,0.5,0.4,2017-04-28,0118,N,nominal,1.0NRT,277.9,0.8,N
43.43743,4.8896,311.2,0.5,0.4,2017-04-28,0118,N,nominal,1.0NRT,277.8,2.6,N
43.43673,4.89545,315.3,0.5,0.4,2017-04-28,0118,N,nominal,1.0NRT,279.6,1.8,N
43.43378,4.88879,321.3,0.5,0.4,2017-04-28,0118,N,nominal,1.0NRT,281.6,2.6,N
43.43309,4.89463,314.5,0.5,0.4,2017-04-28,0118,N,nominal,1.0NRT,279.1,1.8,N
40.23841,20.72016,307.6,0.4,0.6,2017-04-28,0118,N,nominal,1.0NRT,273.6,1.5,N
40.23338,20.7175,306.8,0.4,0.6,2017-04-28,0118,N,nominal,1.0NRT,272.8,1.6,N
43.53966,-5.8339,324.1,0.5,0.7,2017-04-28,0118,N,nominal,1.0NRT,277.2,3.3,N
43.52533,-5.73137,312.3,0.5,0.7,2017-04-28,0118,N,nominal,1.0NRT,276,2.4,N
43.18493,0.98944,296,0.5,0.5,2017-04-28,0118,N,nominal,1.0NRT,275.9,1.1,N
43.5554,-5.90224,298.9,0.5,0.7,2017-04-28,0118,N,nominal,1.0NRT,276.5,0.8,N
43.54122,-5.82948,321.3,0.5,0.7,2017-04-28,0118,N,nominal,1.0NRT,276.5,3.2,N
43.53252,-5.72683,298.2,0.5,0.7,2017-04-28,0118,N,nominal,1.0NRT,275.6,1.4,N
43.52651,-5.73362,312.6,0.5,0.7,2017-04-28,0118,N,nominal,1.0NRT,277.4,1.4,N
43.40817,-3.84165,304.7,0.4,0.6,2017-04-28,0118,N,nominal,1.0NRT,274.3,1.4,N
43.34133,-8.45751,314.3,0.7,0.8,2017-04-28,0118,N,nominal,1.0NRT,277.7,2.8,N
42.63628,-7.31363,351.8,0.6,0.7,2017-04-28,0118,N,nominal,1.0NRT,277.5,5.8,N
42.63634,-7.32045,309.9,0.6,0.7,2017-04-28,0118,N,nominal,1.0NRT,274.3,5.8,N
42.63912,-7.3149,298.2,0.6,0.7,2017-04-28,0118,N,nominal,1.0NRT,273.4,1.7,N
42.63247,-7.31158,367,0.6,0.7,2017-04-28,0118,N,nominal,1.0NRT,277.6,8.8,N
42.44252,-8.50598,308,0.7,0.8,2017-04-28,0118,N,nominal,1.0NRT,275.8,1.5,N
42.44468,-8.50946,302.2,0.7,0.8,2017-04-28,0118,N,nominal,1.0NRT,277.8,1.7,N
41.8684,-0.45326,315.1,0.5,0.5,2017-04-28,0118,N,nominal,1.0NRT,274.6,2.4,N
42.05563,-7.23243,340.6,0.6,0.7,2017-04-28,0118,N,nominal,1.0NRT,274.5,12.3,N
42.05552,-7.22472,342.5,0.6,0.7,2017-04-28,0118,N,nominal,1.0NRT,272.8,8.9,N
39.227,16.07837,307,0.5,0.5,2017-04-28,0118,N,nominal,1.0NRT,282.1,2.8,N
39.22588,16.08316,300.9,0.5,0.5,2017-04-28,0118,N,nominal,1.0NRT,280.1,1.2,N
41.95426,-6.04722,338.9,0.5,0.7,2017-04-28,0118,N,nominal,1.0NRT,272.5,5.7,N
41.45666,1.97915,295.6,0.4,0.5,2017-04-28,0118,N,nominal,1.0NRT,278.9,0.7,N
41.77176,-7.20524,297.7,0.6,0.7,2017-04-28,0118,N,nominal,1.0NRT,274.3,1.8,N
38.79431,15.213,304.9,0.4,0.5,2017-04-28,0118,N,nominal,1.0NRT,282.7,1.3,N
41.29561,-8.00984,311.4,0.6,0.7,2017-04-28,0118,N,nominal,1.0NRT,279.1,2.2,N
41.2942,-8.01105,304.1,0.6,0.7,2017-04-28,0118,N,nominal,1.0NRT,278.5,2.2,N
41.29409,-8.00215,297,0.6,0.7,2017-04-28,0118,N,nominal,1.0NRT,278.1,1.4,N
40.52964,-8.34962,367,0.7,0.8,2017-04-28,0118,N,nominal,1.0NRT,297.5,65.9,N
40.52953,-8.33962,352.4,0.7,0.8,2017-04-28,0118,N,nominal,1.0NRT,292.6,31.6,N
40.52973,-8.35908,309.7,0.7,0.8,2017-04-28,0118,N,nominal,1.0NRT,283.3,65.9,N
40.52294,-8.36782,321.7,0.7,0.8,2017-04-28,0118,N,nominal,1.0NRT,283.8,42.5,N
40.52285,-8.35878,367,0.7,0.8,2017-04-28,0118,N,nominal,1.0NRT,297.8,65.9,N
40.52275,-8.3484,353.3,0.7,0.8,2017-04-28,0118,N,nominal,1.0NRT,290.6,65.9,N
40.52267,-8.3397,367,0.7,0.8,2017-04-28,0118,N,nominal,1.0NRT,292.1,31.6,N
40.52257,-8.33011,311.9,0.7,0.8,2017-04-28,0118,N,nominal,1.0NRT,282,31.6,N
37.75421,15.01007,303.9,0.4,0.5,2017-04-28,0118,N,nominal,1.0NRT,267.1,0.7,N
37.75269,15.01694,315.2,0.4,0.5,2017-04-28,0118,N,nominal,1.0NRT,270.3,1.3,N
37.75304,14.99526,337.7,0.4,0.5,2017-04-28,0118,N,nominal,1.0NRT,261.8,4.9,N
37.75173,15.00114,337.2,0.4,0.5,2017-04-28,0118,N,nominal,1.0NRT,274.2,3.6,N
37.7502,15.00803,318.2,0.4,0.5,2017-04-28,0118,N,nominal,1.0NRT,270.2,3.6,N
37.74879,14.9943,330.7,0.4,0.5,2017-04-28,0118,N,nominal,1.0NRT,257.6,4.9,N
37.74756,14.99983,318,0.4,0.5,2017-04-28,0118,N,nominal,1.0NRT,262.4,3.6,N
37.74612,15.0063,297.3,0.4,0.5,2017-04-28,0118,N,nominal,1.0NRT,266.7,3.6,N
37.7433,14.99894,299.5,0.4,0.5,2017-04-28,0118,N,nominal,1.0NRT,259.9,1.6,N
37.74194,15.00504,312.4,0.4,0.5,2017-04-28,0118,N,nominal,1.0NRT,272.5,1.6,N
37.73771,15.00404,306.3,0.4,0.5,2017-04-28,0118,N,nominal,1.0NRT,262.5,1.6,N
37.73619,15.0108,299.9,0.4,0.5,2017-04-28,0118,N,nominal,1.0NRT,266,0.9,N
36.5897,10.32024,303.1,0.4,0.4,2017-04-28,0118,N,nominal,1.0NRT,287.6,0.4,N
36.88905,8.36153,295.9,0.4,0.4,2017-04-28,0118,N,nominal,1.0NRT,285.6,0.3,N
36.50103,10.02896,297.3,0.4,0.4,2017-04-28,0118,N,nominal,1.0NRT,285.3,0.3,N
36.79375,7.69996,315.9,0.4,0.4,2017-04-28,0118,N,nominal,1.0NRT,285.6,1.2,N
36.79047,7.69914,331.3,0.4,0.4,2017-04-28,0118,N,nominal,1.0NRT,287.8,4.8,N
36.79254,7.68629,302.7,0.4,0.4,2017-04-28,0118,N,nominal,1.0NRT,285.9,0.9,N
36.79185,7.69058,300.7,0.4,0.4,2017-04-28,0118,N,nominal,1.0NRT,287.3,1,N
36.78977,7.70343,298,0.4,0.4,2017-04-28,0118,N,nominal,1.0NRT,286.2,4.8,N
36.7612,7.30699,300.6,0.4,0.4,2017-04-28,0118,N,nominal,1.0NRT,285.5,0.6,N
36.3695,8.43492,296.1,0.4,0.4,2017-04-28,0118,N,nominal,1.0NRT,283.9,0.7,N
36.36617,8.43415,309.3,0.4,0.4,2017-04-28,0118,N,nominal,1.0NRT,284.5,0.7,N
35.84979,8.59252,302.4,0.4,0.4,2017-04-28,0118,N,nominal,1.0NRT,287.8,0.7,N
36.33564,5.48158,304.1,0.4,0.4,2017-04-28,0118,N,nominal,1.0NRT,283.3,1.2,N
35.88046,4.4459,310.6,0.4,0.4,2017-04-28,0118,N,nominal,1.0NRT,287.8,0.9,N
35.87984,4.45053,299.6,0.4,0.4,2017-04-28,0118,N,nominal,1.0NRT,286.6,0.9,N
35.23269,8.17077,295.1,0.4,0.4,2017-04-28,0118,N,nominal,1.0NRT,283.2,0.8,N
35.23197,8.17506,306.9,0.4,0.4,2017-04-28,0118,N,nominal,1.0NRT,284.8,0.8,N
35.80214,-0.21587,305.4,0.4,0.5,2017-04-28,0118,N,nominal,1.0NRT,273.1,1.9,N
34.44068,5.88889,308.4,0.4,0.4,2017-04-28,0118,N,nominal,1.0NRT,292.9,1,N
70.69316,23.59499,300,0.4,0.4,2017-04-28,0112,N,nominal,1.0NRT,273.1,1.3,N
67.36001,15.58421,296.3,0.5,0.4,2017-04-28,0112,N,nominal,1.0NRT,268.3,1.9,N
65.76933,24.19189,312.7,0.4,0.4,2017-04-28,0112,N,nominal,1.0NRT,269.9,2,N
65.76314,24.18543,317.2,0.4,0.4,2017-04-28,0112,N,nominal,1.0NRT,273.1,2,N
65.56421,22.2177,333.3,0.4,0.4,2017-04-28,0112,N,nominal,1.0NRT,274.2,8.3,N
65.56293,22.2256,320.3,0.4,0.4,2017-04-28,0112,N,nominal,1.0NRT,273.3,1.6,N
65.5598,22.22264,308.4,0.4,0.4,2017-04-28,0112,N,nominal,1.0NRT,269.6,1.6,N
61.48786,23.82082,300,0.4,0.4,2017-04-28,0112,N,nominal,1.0NRT,270.4,0.7,N
59.38477,28.45855,305.5,0.4,0.5,2017-04-28,0112,N,nominal,1.0NRT,272.6,1.3,N
59.49862,26.52937,299,0.5,0.4,2017-04-28,0112,N,nominal,1.0NRT,272.7,1.2,N
59.49507,26.52603,297.6,0.5,0.4,2017-04-28,0112,N,nominal,1.0NRT,270.2,1.2,N
59.06207,28.13486,299.4,0.4,0.5,2017-04-28,0112,N,nominal,1.0NRT,271.1,0.9,N
61.25386,1.84976,301.9,0.6,0.6,2017-04-28,0112,N,nominal,1.0NRT,277.9,1.2,N
60.4571,-1.26025,306,0.4,0.6,2017-04-28,0112,N,nominal,1.0NRT,272.6,1.1,N
59.24104,14.24184,302.7,0.4,0.4,2017-04-28,0112,N,nominal,1.0NRT,268.6,0.9,N
58.68422,17.13476,331.8,0.4,0.4,2017-04-28,0112,N,nominal,1.0NRT,276.1,5.3,N
58.68102,17.13284,315.4,0.4,0.4,2017-04-28,0112,N,nominal,1.0NRT,274.5,1.4,N
57.70828,18.80299,304.6,0.4,0.4,2017-04-28,0112,N,nominal,1.0NRT,274.2,1.5,N
58.38523,13.82678,307,0.4,0.4,2017-04-28,0112,N,nominal,1.0NRT,274,1.2,N
56.68944,22.59179,296.9,0.5,0.4,2017-04-28,0112,N,nominal,1.0NRT,269.5,1,N
55.44896,24.89605,304.6,0.4,0.5,2017-04-28,0112,N,nominal,1.0NRT,272.6,1.2,N
52.24104,34.30101,296.8,0.6,0.7,2017-04-28,0112,N,nominal,1.0NRT,277,0.7,N
52.05646,34.66893,298.9,0.6,0.7,2017-04-28,0112,N,nominal,1.0NRT,276,1.1,N
52.04178,34.70752,295.5,0.6,0.7,2017-04-28,0112,N,nominal,1.0NRT,277.4,1.4,N
52.17443,34.00524,300.7,0.6,0.7,2017-04-28,0112,N,nominal,1.0NRT,276.7,1.6,N
51.76232,34.52765,304.2,0.6,0.7,2017-04-28,0112,N,nominal,1.0NRT,255.7,1,N
57.01046,1.83799,298.7,0.6,0.5,2017-04-28,0112,N,nominal,1.0NRT,278.2,1,N
50.24462,33.10743,301.2,0.6,0.7,2017-04-28,0112,N,nominal,1.0NRT,260.1,1.5,N
50.24173,33.11523,307.8,0.6,0.7,2017-04-28,0112,N,nominal,1.0NRT,262.6,1.7,N
49.47242,31.86738,299.4,0.6,0.7,2017-04-28,0112,N,nominal,1.0NRT,274.4,0.8,N
49.47289,31.86702,296.6,0.6,0.7,2017-04-28,0112,N,nominal,1.0NRT,274.6,0.9,N
50.14226,29.63392,297.8,0.5,0.7,2017-04-28,0112,N,nominal,1.0NRT,276.9,0.9,N
50.13696,29.62975,299.7,0.5,0.7,2017-04-28,0112,N,nominal,1.0NRT,276.1,0.9,N
50.13747,29.63101,311.8,0.5,0.7,2017-04-28,0112,N,nominal,1.0NRT,276.6,1.7,N
47.88271,33.44996,300.6,0.8,0.8,2017-04-28,0112,N,nominal,1.0NRT,275.9,2,N
47.8721,33.39076,307.3,0.8,0.8,2017-04-28,0112,N,nominal,1.0NRT,279.5,3.6,N
47.86901,33.38841,301.8,0.8,0.8,2017-04-28,0112,N,nominal,1.0NRT,278.3,3.1,N
48.16686,30.61952,296,0.6,0.7,2017-04-28,0112,N,nominal,1.0NRT,273.9,0.8,N
48.16532,30.62127,297,0.6,0.7,2017-04-28,0112,N,nominal,1.0NRT,274.7,1,N
53.63539,-0.24238,310.5,0.3,0.6,2017-04-28,0112,N,nominal,1.0NRT,279.1,1.2,N
53.56955,-0.59128,340.8,0.3,0.6,2017-04-28,0112,N,nominal,1.0NRT,279.1,2.1,N
53.56974,-0.59667,314.6,0.3,0.6,2017-04-28,0112,N,nominal,1.0NRT,278.9,2.6,N
53.56454,-0.5972,307.8,0.3,0.6,2017-04-28,0112,N,nominal,1.0NRT,277.9,2.6,N
53.56434,-0.59178,311.5,0.3,0.6,2017-04-28,0112,N,nominal,1.0NRT,277.1,2.1,N
52.37493,9.87539,296,0.4,0.4,2017-04-28,0112,N,nominal,1.0NRT,275,0.7,N
52.31532,10.25129,322.2,0.4,0.4,2017-04-28,0112,N,nominal,1.0NRT,271.4,2.7,N
52.17387,10.41772,314.5,0.4,0.4,2017-04-28,0112,N,nominal,1.0NRT,273.2,1.6,N
52.16379,10.41414,306,0.4,0.4,2017-04-28,0112,N,nominal,1.0NRT,273.5,1.6,N
52.163,10.42003,315.1,0.4,0.4,2017-04-28,0112,N,nominal,1.0NRT,275.9,1.5,N
52.16043,10.41294,323.3,0.4,0.4,2017-04-28,0112,N,nominal,1.0NRT,274.3,1.6,N
52.15964,10.41883,300.5,0.4,0.4,2017-04-28,0112,N,nominal,1.0NRT,272.5,1.5,N
52.15706,10.41175,305.4,0.4,0.4,2017-04-28,0112,N,nominal,1.0NRT,273.5,5.6,N
52.15527,10.39878,327.2,0.4,0.4,2017-04-28,0112,N,nominal,1.0NRT,275.8,9,N
52.15449,10.40467,334.6,0.4,0.4,2017-04-28,0112,N,nominal,1.0NRT,279.2,5.6,N
52.15112,10.40347,329.1,0.4,0.4,2017-04-28,0112,N,nominal,1.0NRT,273.8,2.8,N
52.15191,10.39759,309.2,0.4,0.4,2017-04-28,0112,N,nominal,1.0NRT,273.3,2.6,N
47.78775,28.95304,301.1,0.5,0.7,2017-04-28,0112,N,nominal,1.0NRT,279.1,1.2,N
47.78741,28.95444,301.5,0.5,0.7,2017-04-28,0112,N,nominal,1.0NRT,279,1.3,N
64.66447,21.28501,329.4,0.4,0.6,2017-04-28,0254,N,nominal,1.0NRT,274,3.5,D
61.77166,5.29616,300.7,0.4,0.5,2017-04-28,0254,N,nominal,1.0NRT,277.1,1.4,N
61.36338,1.57735,316,0.5,0.4,2017-04-28,0254,N,nominal,1.0NRT,277.3,1.6,N
60.85431,1.46591,307.8,0.5,0.4,2017-04-28,0254,N,nominal,1.0NRT,277.7,1.5,N
58.36658,0.07536,306.2,0.5,0.4,2017-04-28,0254,N,nominal,1.0NRT,279,1.4,N
56.54567,3.22439,318.4,0.5,0.5,2017-04-28,0254,N,nominal,1.0NRT,277,2.8,N
56.78356,2.10777,310.2,0.5,0.5,2017-04-28,0254,N,nominal,1.0NRT,278.6,3.3,N
56.77961,2.10423,337,0.5,0.5,2017-04-28,0254,N,nominal,1.0NRT,278.6,3.3,N
56.49087,2.15106,295.4,0.5,0.5,2017-04-28,0254,N,nominal,1.0NRT,277.8,0.6,N
52.31474,10.24965,297.7,0.6,0.7,2017-04-28,0254,N,nominal,1.0NRT,271.4,1,N
52.1618,10.41373,316.3,0.6,0.7,2017-04-28,0254,N,nominal,1.0NRT,272.5,4.3,N
52.15935,10.39941,295.6,0.6,0.7,2017-04-28,0254,N,nominal,1.0NRT,273.8,4.4,N
52.15608,10.40767,319.8,0.6,0.7,2017-04-28,0254,N,nominal,1.0NRT,273,2.1,N
52.15036,10.40161,295,0.6,0.7,2017-04-28,0254,N,nominal,1.0NRT,271.1,2.1,N
52.17213,10.41871,295.2,0.6,0.7,2017-04-28,0254,N,nominal,1.0NRT,270.1,1.3,N
52.16319,10.4209,303,0.6,0.7,2017-04-28,0254,N,nominal,1.0NRT,271.8,1.3,N
52.15746,10.41486,316.8,0.6,0.7,2017-04-28,0254,N,nominal,1.0NRT,272.7,3.9,N
52.15501,10.40043,315.6,0.6,0.7,2017-04-28,0254,N,nominal,1.0NRT,275.2,3.9,N
51.49418,6.74167,310.2,0.5,0.7,2017-04-28,0254,N,nominal,1.0NRT,276.4,2.2,N
51.48501,6.70709,325.1,0.5,0.7,2017-04-28,0254,N,nominal,1.0NRT,276.8,2.6,N
51.48268,6.71372,301.3,0.5,0.7,2017-04-28,0254,N,nominal,1.0NRT,274.1,2.6,N
51.48033,6.72038,301.2,0.5,0.7,2017-04-28,0254,N,nominal,1.0NRT,274.5,1.3,N
51.46021,6.73693,302.9,0.5,0.7,2017-04-28,0254,N,nominal,1.0NRT,269.7,0.8,N
51.36893,6.71391,297.4,0.5,0.7,2017-04-28,0254,N,nominal,1.0NRT,275.3,2.5,N
53.5809,-0.6229,329,0.5,0.5,2017-04-28,0254,N,nominal,1.0NRT,277.1,4.8,N
53.57917,-0.6163,329.8,0.5,0.5,2017-04-28,0254,N,nominal,1.0NRT,278,4,N
53.56826,-0.59312,332.5,0.5,0.5,2017-04-28,0254,N,nominal,1.0NRT,277.3,4.1,N
53.56995,-0.59958,311,0.5,0.5,2017-04-28,0254,N,nominal,1.0NRT,277.1,2.5,N
53.56591,-0.60257,315.8,0.5,0.5,2017-04-28,0254,N,nominal,1.0NRT,276.5,3,N
53.56421,-0.59611,317.6,0.5,0.5,2017-04-28,0254,N,nominal,1.0NRT,277.1,2.3,N
49.32412,6.09916,296.3,0.6,0.7,2017-04-28,0254,N,nominal,1.0NRT,272.5,1.2,N
51.39798,-3.39325,301.7,0.4,0.5,2017-04-28,0254,N,nominal,1.0NRT,277.6,1.5,N
47.86864,3.79667,299.1,0.5,0.7,2017-04-28,0254,N,nominal,1.0NRT,269.2,0.9,N
47.81586,3.80727,295.5,0.5,0.7,2017-04-28,0254,N,nominal,1.0NRT,269.1,0.9,N
47.2059,-0.03214,295.3,0.4,0.6,2017-04-28,0254,N,nominal,1.0NRT,267.6,0.7,N
44.89395,-0.16526,297.4,0.4,0.6,2017-04-28,0300,N,nominal,1.0NRT,271.7,1,N
43.44088,-3.84387,299.7,0.3,0.6,2017-04-28,0300,N,nominal,1.0NRT,278.4,0.5,N
43.53003,-5.72439,298.1,0.5,0.5,2017-04-28,0300,N,nominal,1.0NRT,275.1,1.6,N
43.52721,-5.73305,303.9,0.5,0.5,2017-04-28,0300,N,nominal,1.0NRT,276.9,1.9,N
43.52273,-5.7351,303.8,0.5,0.5,2017-04-28,0300,N,nominal,1.0NRT,276.5,1.9,N
43.54256,-5.8337,299,0.5,0.5,2017-04-28,0300,N,nominal,1.0NRT,277.2,1.4,N
43.5555,-5.90497,303.1,0.5,0.5,2017-04-28,0300,N,nominal,1.0NRT,279.2,1.9,N
41.31314,1.66458,299.5,0.7,0.8,2017-04-28,0300,N,nominal,1.0NRT,276,1.2,N
41.86781,-0.45355,317.9,0.5,0.7,2017-04-28,0300,N,nominal,1.0NRT,272.4,1.8,N
41.87022,-0.4543,302.8,0.5,0.7,2017-04-28,0300,N,nominal,1.0NRT,271.5,1.8,N
43.34458,-8.43616,296.8,0.4,0.5,2017-04-28,0300,N,nominal,1.0NRT,279.3,0.5,N
42.63829,-7.31465,295.3,0.5,0.5,2017-04-28,0300,N,nominal,1.0NRT,274.1,0.8,N
42.63298,-7.31216,355.2,0.5,0.5,2017-04-28,0300,N,nominal,1.0NRT,278.6,14.5,N
42.6343,-7.31762,295.7,0.5,0.5,2017-04-28,0300,N,nominal,1.0NRT,273.4,4,N
41.95622,-6.04806,298,0.6,0.5,2017-04-28,0300,N,nominal,1.0NRT,269.6,0.8,N
41.95166,-6.05025,301.7,0.6,0.5,2017-04-28,0300,N,nominal,1.0NRT,270.4,1.2,N
41.95192,-6.0514,297.9,0.6,0.5,2017-04-28,0300,N,nominal,1.0NRT,270.3,1.5,N
42.44185,-8.50948,338.5,0.4,0.5,2017-04-28,0300,N,nominal,1.0NRT,281.4,4.9,N
42.443,-8.51444,298.7,0.4,0.5,2017-04-28,0300,N,nominal,1.0NRT,279.2,1.6,N
42.44195,-8.51058,323,0.4,0.5,2017-04-28,0300,N,nominal,1.0NRT,280.4,2.3,N
42.44081,-8.50551,320.1,0.4,0.5,2017-04-28,0300,N,nominal,1.0NRT,275.6,2.2,N
42.44307,-8.51551,297.4,0.4,0.5,2017-04-28,0300,N,nominal,1.0NRT,278.4,2.3,N
42.0573,-7.22697,352.1,0.5,0.5,2017-04-28,0300,N,nominal,1.0NRT,275.6,20.8,N
42.05292,-7.22865,339.4,0.5,0.5,2017-04-28,0300,N,nominal,1.0NRT,281.6,4.3,N
42.05431,-7.23438,301.9,0.5,0.5,2017-04-28,0300,N,nominal,1.0NRT,271.8,4.3,N
42.04852,-7.23031,321.8,0.5,0.5,2017-04-28,0300,N,nominal,1.0NRT,273.3,4.3,N
41.77413,-7.20667,324,0.5,0.5,2017-04-28,0300,N,nominal,1.0NRT,274,4,N
41.76983,-7.20884,317,0.5,0.5,2017-04-28,0300,N,nominal,1.0NRT,274.1,2,N
41.76846,-7.20317,309.4,0.5,0.5,2017-04-28,0300,N,nominal,1.0NRT,273.4,2,N
41.35437,-7.53908,312.5,0.5,0.5,2017-04-28,0300,N,nominal,1.0NRT,275.9,1.8,N
41.29401,-8.00237,323.7,0.5,0.5,2017-04-28,0300,N,nominal,1.0NRT,281,3.1,N
41.28979,-8.00435,337.4,0.5,0.5,2017-04-28,0300,N,nominal,1.0NRT,281.8,9.1,N
41.33497,-8.69619,296.9,0.4,0.5,2017-04-28,0300,N,nominal,1.0NRT,281.6,0.7,N
41.28626,-8.48479,299.6,0.5,0.5,2017-04-28,0300,N,nominal,1.0NRT,279.3,0.4,N
41.3096,-8.68409,302.9,0.4,0.5,2017-04-28,0300,N,nominal,1.0NRT,280.5,0.5,N
41.19803,-8.26479,309.3,0.5,0.5,2017-04-28,0300,N,nominal,1.0NRT,278.8,1.6,N
41.11431,-8.62602,316.6,0.4,0.5,2017-04-28,0300,N,nominal,1.0NRT,281.8,1.9,N
41.11312,-8.62087,303.9,0.5,0.5,2017-04-28,0300,N,nominal,1.0NRT,280.8,1.3,N
40.94252,-8.40548,302.4,0.5,0.5,2017-04-28,0300,N,nominal,1.0NRT,278.7,1,N
40.77233,-8.25281,300.6,0.5,0.5,2017-04-28,0300,N,nominal,1.0NRT,280.2,0.6,N
40.53053,-8.35188,352.9,0.5,0.5,2017-04-28,0300,N,nominal,1.0NRT,289.6,9.3,N
40.5293,-8.34672,355.5,0.5,0.5,2017-04-28,0300,N,nominal,1.0NRT,289.4,7.4,N
40.53176,-8.35708,295.1,0.5,0.5,2017-04-28,0300,N,nominal,1.0NRT,281.9,9.3,N
40.52808,-8.34157,307.9,0.5,0.5,2017-04-28,0300,N,nominal,1.0NRT,282.8,7.4,N
40.52686,-8.33644,304,0.5,0.5,2017-04-28,0300,N,nominal,1.0NRT,282.4,0.8,N
40.52874,-8.36405,335.8,0.5,0.5,2017-04-28,0300,N,nominal,1.0NRT,284.4,40.6,N
40.52749,-8.35881,345.9,0.5,0.5,2017-04-28,0300,N,nominal,1.0NRT,308.9,41.3,N
40.52627,-8.35369,367,0.5,0.5,2017-04-28,0300,N,nominal,1.0NRT,296.4,41.3,N
40.52507,-8.34863,325.4,0.5,0.5,2017-04-28,0300,N,nominal,1.0NRT,286.3,9.9,N
40.52384,-8.34347,321.7,0.5,0.5,2017-04-28,0300,N,nominal,1.0NRT,284.3,9.9,N
40.52253,-8.338,348.8,0.5,0.5,2017-04-28,0300,N,nominal,1.0NRT,288.2,7.9,N
40.52574,-8.37114,345.8,0.5,0.5,2017-04-28,0300,N,nominal,1.0NRT,289.6,40.6,N
40.52448,-8.36585,344.8,0.5,0.5,2017-04-28,0300,N,nominal,1.0NRT,314.2,40.6,N
40.52322,-8.36055,344.8,0.5,0.5,2017-04-28,0300,N,nominal,1.0NRT,299.6,41.3,N
40.522,-8.35544,367,0.5,0.5,2017-04-28,0300,N,nominal,1.0NRT,288.5,41.3,N
40.52081,-8.35045,355.6,0.5,0.5,2017-04-28,0300,N,nominal,1.0NRT,289,9.9,N
40.51962,-8.34547,347.8,0.5,0.5,2017-04-28,0300,N,nominal,1.0NRT,287.4,9.9,N
40.5183,-8.33995,306.5,0.5,0.5,2017-04-28,0300,N,nominal,1.0NRT,281.9,7.9,N
40.52148,-8.37295,341.6,0.5,0.5,2017-04-28,0300,N,nominal,1.0NRT,292.6,132.6,N
40.52022,-8.36765,367,0.5,0.5,2017-04-28,0300,N,nominal,1.0NRT,331.9,132.6,N
40.51895,-8.36231,325.4,0.5,0.5,2017-04-28,0300,N,nominal,1.0NRT,286.7,56.6,N
40.52127,-8.36945,333.3,0.5,0.5,2017-04-28,0300,N,nominal,1.0NRT,322.7,81.4,N
40.52003,-8.36413,367,0.5,0.5,2017-04-28,0300,N,nominal,1.0NRT,319.2,81.4,N
40.5225,-8.37474,318.3,0.5,0.5,2017-04-28,0300,N,nominal,1.0NRT,282.9,17.8,N
40.51881,-8.35886,306.1,0.5,0.5,2017-04-28,0300,N,nominal,1.0NRT,282.4,6.3,N
40.51699,-8.37118,299,0.5,0.5,2017-04-28,0300,N,nominal,1.0NRT,282.9,81.4,N
40.51576,-8.36586,295.5,0.5,0.5,2017-04-28,0300,N,nominal,1.0NRT,282.4,81.4,N
38.49897,-8.93495,309.6,0.5,0.5,2017-04-28,0300,N,nominal,1.0NRT,283,2,N
65.56107,22.21433,327.7,0.7,0.8,2017-04-28,0748,N,nominal,1.0NRT,279.3,6.6,D
65.56238,22.23211,334.9,0.7,0.8,2017-04-28,0748,N,nominal,1.0NRT,277.1,10.3,D
70.69085,23.58831,327.6,0.3,0.6,2017-04-28,0748,N,nominal,1.0NRT,270.6,1.2,D
47.23422,32.21159,339.3,0.6,0.7,2017-04-28,0924,N,nominal,1.0NRT,300.3,5.7,D
47.2341,32.20712,336.3,0.6,0.7,2017-04-28,0924,N,nominal,1.0NRT,301.8,6.2,D
47.86866,33.4333,330.2,0.5,0.7,2017-04-28,0924,N,nominal,1.0NRT,299.6,4.5,D
47.86446,33.43424,331.3,0.5,0.7,2017-04-28,0924,N,nominal,1.0NRT,300.3,3,D
47.92569,33.59954,367,0.5,0.7,2017-04-28,0924,N,nominal,1.0NRT,294.6,16.6,D
47.86995,33.43024,333.8,0.5,0.7,2017-04-28,0924,N,nominal,1.0NRT,298.4,3,D
47.87088,33.39177,336.9,0.5,0.7,2017-04-28,0924,N,nominal,1.0NRT,300.1,5.6,D
48.26061,34.45857,340.6,0.4,0.6,2017-04-28,0924,N,nominal,1.0NRT,300.9,3.6,D
48.6461,34.80603,333.4,0.4,0.6,2017-04-28,0924,N,nominal,1.0NRT,304.2,2.5,D
48.64337,34.80428,330.6,0.4,0.6,2017-04-28,0924,N,low,1.0NRT,302.9,1.6,D
47.9521,32.47388,333.9,0.5,0.7,2017-04-28,0924,N,nominal,1.0NRT,302,6,D
47.94984,32.46722,339.3,0.5,0.7,2017-04-28,0924,N,nominal,1.0NRT,301.3,8.7,D
47.95768,32.46944,330.4,0.5,0.7,2017-04-28,0924,N,low,1.0NRT,301.9,6,D
48.88671,34.99159,340.6,0.4,0.6,2017-04-28,0924,N,nominal,1.0NRT,308,5.1,D
48.88517,34.98655,341.7,0.4,0.6,2017-04-28,0924,N,nominal,1.0NRT,306.8,3.5,D
48.93076,34.81581,340.9,0.4,0.6,2017-04-28,0924,N,nominal,1.0NRT,307.2,3.2,D
48.59585,32.9458,347.9,0.5,0.7,2017-04-28,0924,N,nominal,1.0NRT,301.3,6.2,D
48.30608,31.95481,340.6,0.5,0.7,2017-04-28,0924,N,nominal,1.0NRT,300.7,5.2,D
48.30928,31.95155,333.4,0.5,0.7,2017-04-28,0924,N,nominal,1.0NRT,302.1,2.4,D
49.12498,34.38864,367,0.4,0.6,2017-04-28,0924,N,nominal,1.0NRT,309.6,24.1,D
49.12334,34.38341,353.8,0.4,0.6,2017-04-28,0924,N,nominal,1.0NRT,304.8,13.5,D
48.51435,31.99639,346.2,0.5,0.7,2017-04-28,0924,N,nominal,1.0NRT,302,6.4,D
49.23519,33.72968,334.6,0.4,0.6,2017-04-28,0924,N,nominal,1.0NRT,305,3.4,D
49.23632,33.72931,336.5,0.4,0.6,2017-04-28,0924,N,nominal,1.0NRT,304,4.1,D
47.68302,29.00437,333.9,0.7,0.8,2017-04-28,0924,N,nominal,1.0NRT,292.7,8.6,D
47.69286,29.0085,342.9,0.7,0.8,2017-04-28,0924,N,nominal,1.0NRT,295.4,32.6,D
47.68929,28.99911,353.7,0.7,0.8,2017-04-28,0924,N,nominal,1.0NRT,300.5,32.6,D
47.68736,29.00236,367,0.7,0.8,2017-04-28,0924,N,nominal,1.0NRT,302.6,40.2,D
47.69374,28.99739,367,0.7,0.8,2017-04-28,0924,N,nominal,1.0NRT,294.5,12.2,D
49.39433,33.67254,367,0.4,0.6,2017-04-28,0924,N,nominal,1.0NRT,313.6,41.9,D
49.41174,33.72729,330.3,0.4,0.6,2017-04-28,0924,N,low,1.0NRT,304.7,3.1,D
49.39257,33.66702,346.2,0.4,0.6,2017-04-28,0924,N,nominal,1.0NRT,307.6,23.9,D
49.97038,34.36784,332.9,0.4,0.6,2017-04-28,0924,N,nominal,1.0NRT,305.1,2.9,D
49.96885,34.36291,336,0.4,0.6,2017-04-28,0924,N,nominal,1.0NRT,306.6,2.9,D
49.97383,34.35918,332.1,0.4,0.6,2017-04-28,0924,N,nominal,1.0NRT,302,1.1,D
49.27969,32.07347,343.8,0.5,0.7,2017-04-28,0924,N,nominal,1.0NRT,299.7,10.8,D
49.27768,32.06746,341.5,0.5,0.7,2017-04-28,0924,N,nominal,1.0NRT,296,6,D
49.28046,32.07113,350.7,0.5,0.7,2017-04-28,0924,N,nominal,1.0NRT,299.8,10.9,D
48.74239,29.80688,326,0.6,0.7,2017-04-28,0924,N,nominal,1.0NRT,284.7,4.3,D
48.74587,29.80425,327.5,0.6,0.7,2017-04-28,0924,N,nominal,1.0NRT,285.9,4.6,D
50.54213,34.78345,367,0.4,0.6,2017-04-28,0924,N,nominal,1.0NRT,304.7,9.3,D
50.54072,34.77879,331.4,0.4,0.6,2017-04-28,0924,N,nominal,1.0NRT,302.1,5.5,D
49.78681,32.37533,330.3,0.5,0.7,2017-04-28,0924,N,nominal,1.0NRT,297,1.8,D
48.78984,29.30142,326.5,0.7,0.8,2017-04-28,0924,N,nominal,1.0NRT,292.4,4.7,D
48.78753,29.30971,327.6,0.7,0.8,2017-04-28,0924,N,nominal,1.0NRT,292.9,2.1,D
50.78846,34.58712,367,0.4,0.6,2017-04-28,0924,N,nominal,1.0NRT,303.4,6.8,D
50.98179,34.88205,331.7,0.3,0.6,2017-04-28,0924,N,nominal,1.0NRT,297.6,3.6,D
50.94729,34.64763,351.1,0.3,0.6,2017-04-28,0924,N,nominal,1.0NRT,295.6,2.8,D
48.75717,28.00005,344.7,0.7,0.8,2017-04-28,0924,N,nominal,1.0NRT,287,17.7,D
48.75355,27.99068,348.4,0.7,0.8,2017-04-28,0924,N,nominal,1.0NRT,287.1,13.5,D
51.07899,34.49845,327.7,0.3,0.6,2017-04-28,0924,N,nominal,1.0NRT,287.7,4.1,D
51.08652,34.50401,347.4,0.3,0.6,2017-04-28,0924,N,nominal,1.0NRT,286.4,7,D
51.08377,34.49482,330.4,0.3,0.6,2017-04-28,0924,N,nominal,1.0NRT,287.1,4.7,D
51.08239,34.49022,348.8,0.3,0.6,2017-04-28,0924,N,nominal,1.0NRT,288.5,4.7,D
51.08514,34.4994,367,0.3,0.6,2017-04-28,0924,N,low,1.0NRT,289.3,7,D
51.05481,34.37857,335.4,0.4,0.6,2017-04-28,0924,N,nominal,1.0NRT,277.4,3.3,D
51.06102,34.37959,330,0.4,0.6,2017-04-28,0924,N,nominal,1.0NRT,274.4,5.8,D
51.05822,34.37027,329.1,0.4,0.6,2017-04-28,0924,N,nominal,1.0NRT,276,5.1,D
51.05962,34.37492,367,0.4,0.6,2017-04-28,0924,N,low,1.0NRT,279.3,5.1,D
51.10213,34.45803,334.4,0.3,0.6,2017-04-28,0924,N,nominal,1.0NRT,283.2,3.3,D
49.63772,29.89435,326.4,0.6,0.7,2017-04-28,0924,N,nominal,1.0NRT,295.8,3.5,D
49.04281,28.45115,326.8,0.7,0.8,2017-04-28,0924,N,nominal,1.0NRT,285.8,6.4,D
49.63721,29.89398,326.2,0.6,0.7,2017-04-28,0924,N,nominal,1.0NRT,296.1,2.8,D
50.86353,33.47044,337.1,0.4,0.6,2017-04-28,0924,N,nominal,1.0NRT,275.8,4.4,D
50.63027,32.5554,328.3,0.4,0.6,2017-04-28,0924,N,nominal,1.0NRT,279.6,6.8,D
50.62849,32.54987,354.4,0.4,0.6,2017-04-28,0924,N,nominal,1.0NRT,278.1,6.3,D
50.48865,32.13982,336.5,0.4,0.6,2017-04-28,0924,N,nominal,1.0NRT,284.8,2.5,D
50.63135,32.55194,350.9,0.4,0.6,2017-04-28,0924,N,nominal,1.0NRT,283.3,11.3,D
51.2644,34.00415,339.4,0.4,0.6,2017-04-28,0924,N,nominal,1.0NRT,286.8,2.7,D
51.34959,34.20707,330.3,0.4,0.6,2017-04-28,0924,N,nominal,1.0NRT,288.3,3,D
50.03308,29.96605,328.2,0.6,0.7,2017-04-28,0924,N,nominal,1.0NRT,294.2,4.2,D
49.74026,28.8169,367,0.6,0.7,2017-04-28,0924,N,nominal,1.0NRT,292,16,D
51.50936,34.03453,343.5,0.4,0.6,2017-04-28,0924,N,nominal,1.0NRT,282.8,2.9,D
51.50791,34.02975,330,0.4,0.6,2017-04-28,0924,N,nominal,1.0NRT,280.9,2.9,D
51.68608,34.17022,331.4,0.3,0.6,2017-04-28,0924,N,nominal,1.0NRT,283.6,1.4,D
51.69083,34.16658,345.5,0.3,0.6,2017-04-28,0924,N,nominal,1.0NRT,283,4.8,D
51.68945,34.16194,325,0.3,0.6,2017-04-28,0924,N,nominal,1.0NRT,283.1,2.3,D
51.68864,34.13976,341.3,0.3,0.6,2017-04-28,0924,N,nominal,1.0NRT,285.2,4.2,D
52.02627,34.37813,331.1,0.3,0.6,2017-04-28,0924,N,nominal,1.0NRT,269.7,4.3,D
52.03096,34.37465,353.8,0.3,0.6,2017-04-28,0924,N,nominal,1.0NRT,268.4,4.3,D
50.0356,28.055,340.8,0.7,0.8,2017-04-28,0924,N,nominal,1.0NRT,289.3,20.6,D
50.03244,28.04664,356.5,0.7,0.8,2017-04-28,0924,N,nominal,1.0NRT,291.6,20.6,D
50.04123,28.0275,337.6,0.7,0.8,2017-04-28,0924,N,nominal,1.0NRT,289.7,5.1,D
50.02849,28.05105,367,0.7,0.8,2017-04-28,0924,N,nominal,1.0NRT,295.2,22.3,D
51.38875,31.85263,328.2,0.4,0.6,2017-04-28,0924,N,nominal,1.0NRT,272.6,4.4,D
51.38689,31.84697,346.5,0.4,0.6,2017-04-28,0924,N,nominal,1.0NRT,273.5,4.4,D
50.03449,28.04575,346.2,0.7,0.8,2017-04-28,0924,N,nominal,1.0NRT,288.4,8.5,D
50.04326,28.02671,348.1,0.7,0.8,2017-04-28,0924,N,nominal,1.0NRT,290.3,10.2,D
50.02946,27.94856,327.2,0.7,0.8,2017-04-28,0924,N,nominal,1.0NRT,290.4,4.3,D
51.35233,30.67504,367,0.5,0.7,2017-04-28,0924,N,nominal,1.0NRT,292,14.7,D
51.67453,31.35245,367,0.4,0.6,2017-04-28,0924,N,nominal,1.0NRT,295.5,5.6,D
51.67643,31.35822,326.4,0.4,0.6,2017-04-28,0924,N,nominal,1.0NRT,293.8,8.7,D
51.67263,31.34666,333.9,0.4,0.6,2017-04-28,0924,N,nominal,1.0NRT,293.2,5.6,D
51.67967,31.348,339.4,0.4,0.6,2017-04-28,0924,N,nominal,1.0NRT,292.8,5.6,D
51.67395,31.3306,330.8,0.4,0.6,2017-04-28,0924,N,nominal,1.0NRT,291.6,3.6,D
51.67491,31.35012,367,0.4,0.6,2017-04-28,0924,N,nominal,1.0NRT,294.5,16.9,D
51.8474,31.17044,335.2,0.4,0.6,2017-04-28,0924,N,nominal,1.0NRT,284.9,5.8,D
51.84258,31.17258,335.2,0.4,0.6,2017-04-28,0924,N,nominal,1.0NRT,287.1,7.6,D
50.28701,26.61244,345.2,0.7,0.8,2017-04-28,0924,N,nominal,1.0NRT,271.9,9.1,D
57.48664,28.36301,326.6,0.3,0.6,2017-04-28,0924,N,nominal,1.0NRT,280.4,2.3,D
57.77686,28.78964,328.4,0.3,0.6,2017-04-28,0924,N,nominal,1.0NRT,277.6,1.9,D
57.77526,28.79102,326.4,0.3,0.6,2017-04-28,0924,N,nominal,1.0NRT,275.9,1.6,D
57.77582,27.95398,326,0.3,0.6,2017-04-28,0924,N,nominal,1.0NRT,284.7,3.2,D
58.61972,30.09042,330.1,0.5,0.5,2017-04-28,0924,N,nominal,1.0NRT,288,4.2,D
58.77578,30.24342,344.3,0.5,0.5,2017-04-28,0924,N,nominal,1.0NRT,282.9,10.5,D
58.77338,30.23526,345.7,0.5,0.5,2017-04-28,0924,N,nominal,1.0NRT,284.4,10.3,D
68.94837,33.07806,328.3,0.4,0.4,2017-04-28,0924,N,nominal,1.0NRT,276.6,2.4,D
66.31355,14.16562,336.6,0.6,0.6,2017-04-28,0930,N,nominal,1.0NRT,284.9,8.3,D
35.3466,24.82494,331.8,0.5,0.4,2017-04-28,1100,N,nominal,1.0NRT,301.4,8.5,D
37.29796,33.3429,339.1,0.5,0.4,2017-04-28,1100,N,nominal,1.0NRT,313.6,4.5,D
37.27778,29.91206,336.4,0.4,0.4,2017-04-28,1100,N,low,1.0NRT,308.6,3.1,D
38.03339,33.33685,341.3,0.5,0.4,2017-04-28,1100,N,nominal,1.0NRT,310.9,3.7,D
37.64307,30.14431,334.3,0.4,0.4,2017-04-28,1100,N,nominal,1.0NRT,309.3,2.3,D
36.90386,22.68484,333.5,0.4,0.5,2017-04-28,1100,N,nominal,1.0NRT,304.4,3.2,D
39.88343,34.2702,339,0.6,0.4,2017-04-28,1100,N,low,1.0NRT,311.1,4.9,D
38.31859,23.62108,348.5,0.5,0.4,2017-04-28,1100,N,nominal,1.0NRT,302.8,12.9,D
38.34406,21.76128,327.8,0.4,0.5,2017-04-28,1100,N,nominal,1.0NRT,296.9,4.4,D
41.17436,32.6331,337.2,0.5,0.4,2017-04-28,1100,N,nominal,1.0NRT,310.6,2,D
40.4435,27.14366,334.6,0.4,0.4,2017-04-28,1100,N,low,1.0NRT,306.1,2.8,D
40.44679,27.14272,338.2,0.4,0.4,2017-04-28,1100,N,nominal,1.0NRT,305.3,2.8,D
40.44532,27.13363,339.2,0.4,0.4,2017-04-28,1100,N,low,1.0NRT,310.4,8,D
41.26511,31.42404,339.5,0.4,0.4,2017-04-28,1100,N,nominal,1.0NRT,300,4.4,D
38.19455,15.37628,334.2,0.4,0.6,2017-04-28,1100,N,nominal,1.0NRT,286.7,4.5,D
38.19419,15.37474,338.9,0.4,0.6,2017-04-28,1100,N,nominal,1.0NRT,286.2,5.6,D
41.02134,28.55618,340.7,0.4,0.4,2017-04-28,1100,N,nominal,1.0NRT,310.1,2.7,D
40.30593,23.11435,337.5,0.5,0.4,2017-04-28,1100,N,nominal,1.0NRT,299.4,2.9,D
41.27439,27.59889,332.9,0.4,0.4,2017-04-28,1100,N,low,1.0NRT,306.5,2.4,D
40.30611,19.48928,329.6,0.5,0.5,2017-04-28,1100,N,nominal,1.0NRT,294.4,3.1,D
41.7164,26.36066,335.8,0.4,0.4,2017-04-28,1100,N,nominal,1.0NRT,303.9,2.8,D
41.71563,26.35599,332.9,0.4,0.4,2017-04-28,1100,N,nominal,1.0NRT,302.2,0.7,D
41.84895,26.71746,330.6,0.4,0.4,2017-04-28,1100,N,nominal,1.0NRT,301.7,1.9,D
40.58284,20.14745,340,0.4,0.5,2017-04-28,1100,N,nominal,1.0NRT,297,6.2,D
41.5456,22.95667,327.3,0.5,0.4,2017-04-28,1100,N,low,1.0NRT,299.5,2.2,D
41.55989,22.95091,340.2,0.5,0.4,2017-04-28,1100,N,nominal,1.0NRT,298.6,6.3,D
41.95435,24.98867,335.8,0.4,0.4,2017-04-28,1100,N,low,1.0NRT,305.9,7.9,D
41.72764,22.82,328.7,0.5,0.4,2017-04-28,1100,N,nominal,1.0NRT,302.5,2.8,D
42.26091,24.58215,341.2,0.4,0.4,2017-04-28,1100,N,nominal,1.0NRT,304.7,3.2,D
41.30785,19.85199,328.1,0.4,0.5,2017-04-28,1100,N,nominal,1.0NRT,285.8,1.9,D
42.54945,26.13784,336.8,0.4,0.4,2017-04-28,1100,N,nominal,1.0NRT,307,3.6,D
42.46217,23.00036,326.9,0.5,0.4,2017-04-28,1100,N,low,1.0NRT,299.3,1.4,D
42.78813,24.74353,338.1,0.4,0.4,2017-04-28,1100,N,nominal,1.0NRT,296.9,5.2,D
42.79238,24.74743,332.9,0.4,0.4,2017-04-28,1100,N,nominal,1.0NRT,295.3,3.8,D
44.99733,34.31666,333.2,0.4,0.5,2017-04-28,1100,N,nominal,1.0NRT,302.7,3.6,D
45.11857,28.15884,333.6,0.4,0.4,2017-04-28,1100,N,nominal,1.0NRT,302,7.6,D
45.81681,33.60444,332.6,0.4,0.5,2017-04-28,1100,N,low,1.0NRT,303.6,4,D
46.32356,34.01432,348.1,0.4,0.5,2017-04-28,1100,N,nominal,1.0NRT,306.6,6.3,D
45.92633,29.60095,330.2,0.4,0.4,2017-04-28,1100,N,low,1.0NRT,302.4,1.3,D
46.67995,33.31245,337.8,0.4,0.5,2017-04-28,1100,N,nominal,1.0NRT,307.8,3.3,D
46.46016,29.85476,333.2,0.4,0.4,2017-04-28,1100,N,nominal,1.0NRT,300,1.8,D
45.87968,24.54529,331.2,0.4,0.4,2017-04-28,1100,N,nominal,1.0NRT,289.1,2.6,D
46.04605,24.86476,339.9,0.4,0.4,2017-04-28,1100,N,nominal,1.0NRT,299.3,18.8,D
47.19812,32.60587,339.6,0.6,0.4,2017-04-28,1100,N,nominal,1.0NRT,304.1,9.8,D
47.23313,32.20832,335.5,0.5,0.4,2017-04-28,1100,N,low,1.0NRT,307.8,7.8,D
46.97706,28.77764,337.7,0.4,0.4,2017-04-28,1100,N,nominal,1.0NRT,297.5,1.7,D
47.09774,29.33874,335.7,0.4,0.4,2017-04-28,1100,N,nominal,1.0NRT,298.3,2.2,D
46.48981,24.92355,329.2,0.4,0.4,2017-04-28,1100,N,nominal,1.0NRT,293.8,2.5,D
47.62674,34.328,332.3,0.5,0.5,2017-04-28,1100,N,low,1.0NRT,303.5,3,D
47.62626,34.32193,332.3,0.4,0.5,2017-04-28,1100,N,low,1.0NRT,306.4,3,D
47.2874,30.13625,333.9,0.5,0.4,2017-04-28,1100,N,nominal,1.0NRT,305.9,5,D
47.2867,30.13007,335.9,0.5,0.4,2017-04-28,1100,N,nominal,1.0NRT,305.2,5,D
47.29029,30.12921,348.7,0.5,0.4,2017-04-28,1100,N,nominal,1.0NRT,309.2,5,D
46.63044,24.94686,341.3,0.4,0.4,2017-04-28,1100,N,nominal,1.0NRT,280,5.6,D
47.74975,32.45699,346.7,0.6,0.4,2017-04-28,1100,N,nominal,1.0NRT,310.3,8.2,D
47.38401,28.91833,334.7,0.4,0.4,2017-04-28,1100,N,nominal,1.0NRT,301.6,2.6,D
47.8644,33.4349,341.6,0.4,0.5,2017-04-28,1100,N,nominal,1.0NRT,307.5,4,D
47.86856,33.43417,330.9,0.4,0.5,2017-04-28,1100,N,low,1.0NRT,303.4,4,D
47.86895,33.38871,335.4,0.4,0.5,2017-04-28,1100,N,low,1.0NRT,305.9,4.9,D
47.79939,31.30032,335.3,0.5,0.4,2017-04-28,1100,N,nominal,1.0NRT,307.5,5.6,D
47.80148,31.29843,340.2,0.5,0.4,2017-04-28,1100,N,nominal,1.0NRT,307.2,5.2,D
47.95187,32.47036,341.8,0.6,0.4,2017-04-28,1100,N,nominal,1.0NRT,308.7,6,D
47.84041,29.66092,330.8,0.4,0.4,2017-04-28,1100,N,nominal,1.0NRT,300.8,3.4,D
47.84325,29.65396,333.6,0.4,0.4,2017-04-28,1100,N,nominal,1.0NRT,302.3,8,D
47.84144,29.65949,337.9,0.4,0.4,2017-04-28,1100,N,nominal,1.0NRT,301.7,3.8,D
47.84499,29.65853,332.8,0.4,0.4,2017-04-28,1100,N,nominal,1.0NRT,299.7,3.8,D
48.2568,33.77826,340.4,0.4,0.5,2017-04-28,1100,N,nominal,1.0NRT,305.7,2.7,D
48.31749,32.13264,333.5,0.6,0.4,2017-04-28,1100,N,low,1.0NRT,304.1,1.4,D
48.16693,30.61597,335.1,0.5,0.4,2017-04-28,1100,N,nominal,1.0NRT,296.6,8.5,D
48.16386,30.61487,334.6,0.5,0.4,2017-04-28,1100,N,nominal,1.0NRT,294.3,3,D
48.31921,32.13143,334.9,0.6,0.4,2017-04-28,1100,N,nominal,1.0NRT,304,3,D
48.46937,33.56321,336.3,0.4,0.5,2017-04-28,1100,N,low,1.0NRT,310.7,2.6,D
48.17272,28.98816,346.2,0.4,0.4,2017-04-28,1100,N,nominal,1.0NRT,294.1,7.1,D
48.17691,28.99296,346.7,0.4,0.4,2017-04-28,1100,N,nominal,1.0NRT,297.8,7.1,D
48.51019,31.99955,337.5,0.6,0.4,2017-04-28,1100,N,nominal,1.0NRT,308.2,4.7,D
48.50946,31.99199,334.7,0.6,0.4,2017-04-28,1100,N,low,1.0NRT,306.9,2.3,D
48.5134,31.99116,337.3,0.6,0.4,2017-04-28,1100,N,nominal,1.0NRT,309.5,5.6,D
48.50842,31.99902,334.8,0.6,0.4,2017-04-28,1100,N,nominal,1.0NRT,308.1,4.1,D
48.51235,31.99818,334.1,0.6,0.4,2017-04-28,1100,N,nominal,1.0NRT,307.8,4.1,D
48.51166,31.9906,335.9,0.6,0.4,2017-04-28,1100,N,nominal,1.0NRT,308.5,4.1,D
48.51559,31.98977,335.5,0.6,0.4,2017-04-28,1100,N,nominal,1.0NRT,306.5,3.8,D
48.77231,33.89426,339.1,0.4,0.5,2017-04-28,1100,N,nominal,1.0NRT,306.3,4.5,D
48.75085,33.41383,344.5,0.4,0.5,2017-04-28,1100,N,nominal,1.0NRT,312.4,20.4,D
48.75095,33.419,340.9,0.4,0.5,2017-04-28,1100,N,nominal,1.0NRT,304.8,9.8,D
48.7505,33.41317,341.4,0.4,0.5,2017-04-28,1100,N,nominal,1.0NRT,311.8,6.5,D
48.75469,33.41236,334,0.4,0.5,2017-04-28,1100,N,low,1.0NRT,308,6.5,D
48.53787,30.22122,335.2,0.5,0.4,2017-04-28,1100,N,nominal,1.0NRT,301.6,2.4,D
48.61668,30.30709,334.7,0.5,0.4,2017-04-28,1100,N,nominal,1.0NRT,302.2,27.1,D
48.61966,30.29979,336.3,0.5,0.4,2017-04-28,1100,N,nominal,1.0NRT,299.6,29.9,D
49.08443,33.34665,344.8,0.4,0.5,2017-04-28,1100,N,nominal,1.0NRT,299.5,3.1,D
48.66883,28.63855,334.6,0.4,0.4,2017-04-28,1100,N,nominal,1.0NRT,289.3,5.3,D
48.51831,27.41014,332.8,0.4,0.4,2017-04-28,1100,N,nominal,1.0NRT,299,8,D
48.79423,29.30488,341.6,0.4,0.4,2017-04-28,1100,N,nominal,1.0NRT,298.2,4.2,D
48.9613,29.99901,337.8,0.5,0.4,2017-04-28,1100,N,nominal,1.0NRT,300.9,5.2,D
48.96413,30.00313,334.1,0.5,0.4,2017-04-28,1100,N,nominal,1.0NRT,301.2,3.8,D
49.32112,33.33049,342.3,0.4,0.5,2017-04-28,1100,N,nominal,1.0NRT,309.2,3.4,D
49.32534,33.32974,343.4,0.4,0.5,2017-04-28,1100,N,nominal,1.0NRT,309.9,5.3,D
49.40615,34.10398,341.3,0.5,0.5,2017-04-28,1100,N,nominal,1.0NRT,305.6,3.3,D
49.39539,33.67242,345.1,0.4,0.5,2017-04-28,1100,N,nominal,1.0NRT,309.3,6,D
49.39781,33.67667,333.8,0.4,0.5,2017-04-28,1100,N,low,1.0NRT,308.4,3.3,D
49.39736,33.67054,342.2,0.4,0.5,2017-04-28,1100,N,nominal,1.0NRT,307.8,3.3,D
49.08833,28.87035,333.9,0.4,0.4,2017-04-28,1100,N,nominal,1.0NRT,289.1,1.8,D
49.57191,33.66269,334.4,0.4,0.5,2017-04-28,1100,N,low,1.0NRT,308.5,3.8,D
49.03512,27.7616,329.5,0.4,0.4,2017-04-28,1100,N,nominal,1.0NRT,297.3,3.2,D
49.03852,27.76058,340.2,0.4,0.4,2017-04-28,1100,N,nominal,1.0NRT,297.9,3.2,D
49.75447,33.0744,343,0.4,0.5,2017-04-28,1100,N,nominal,1.0NRT,306.4,5.2,D
49.25669,27.91555,331.1,0.4,0.4,2017-04-28,1100,N,nominal,1.0NRT,298.2,3.2,D
49.4937,29.73013,345,0.5,0.4,2017-04-28,1100,N,nominal,1.0NRT,299.4,4.7,D
49.97199,34.36628,336.4,0.5,0.5,2017-04-28,1100,N,low,1.0NRT,307.9,5.1,D
49.97152,34.35949,352.4,0.5,0.5,2017-04-28,1100,N,nominal,1.0NRT,306.7,6.3,D
49.97329,34.35733,335.5,0.5,0.5,2017-04-28,1100,N,nominal,1.0NRT,303.9,1.8,D
49.34838,27.42801,329.8,0.4,0.4,2017-04-28,1100,N,nominal,1.0NRT,293.5,2,D
50.01121,33.57971,332.1,0.4,0.5,2017-04-28,1100,N,low,1.0NRT,304.8,2.3,D
49.86605,31.25092,331.2,0.5,0.4,2017-04-28,1100,N,nominal,1.0NRT,297.3,4.2,D
49.86535,31.24353,333.6,0.5,0.4,2017-04-28,1100,N,nominal,1.0NRT,296.7,4.2,D
50.3069,34.48593,341.7,0.5,0.5,2017-04-28,1100,N,nominal,1.0NRT,301,5.1,D
50.30816,34.4847,341.2,0.5,0.5,2017-04-28,1100,N,nominal,1.0NRT,298.7,9.2,D
50.30091,33.84382,344.9,0.5,0.5,2017-04-28,1100,N,nominal,1.0NRT,304.9,6.9,D
49.74187,28.05484,340.2,0.4,0.4,2017-04-28,1100,N,nominal,1.0NRT,298.8,21.7,D
50.04195,30.50234,332.4,0.5,0.4,2017-04-28,1100,N,nominal,1.0NRT,301,1.9,D
49.53449,25.91033,335.3,0.4,0.4,2017-04-28,1100,N,nominal,1.0NRT,297,3.3,D
50.12564,30.5032,335.9,0.5,0.4,2017-04-28,1100,N,nominal,1.0NRT,300.5,4.7,D
50.12941,30.50235,341.8,0.5,0.4,2017-04-28,1100,N,nominal,1.0NRT,301.7,14.1,D
50.53804,34.78496,331.2,0.5,0.5,2017-04-28,1100,N,nominal,1.0NRT,298.8,3.8,D
50.03138,29.13227,337,0.5,0.4,2017-04-28,1100,N,nominal,1.0NRT,295.2,3.6,D
50.53757,34.78434,331,0.5,0.5,2017-04-28,1100,N,nominal,1.0NRT,298.9,3.9,D
50.07774,28.9811,342.8,0.5,0.4,2017-04-28,1100,N,nominal,1.0NRT,302.9,9.4,D
50.49051,32.13981,347.3,0.4,0.5,2017-04-28,1100,N,nominal,1.0NRT,297.2,5.4,D
50.06507,28.02251,341.4,0.4,0.4,2017-04-28,1100,N,nominal,1.0NRT,301.4,9.2,D
50.3723,30.18198,338.6,0.5,0.4,2017-04-28,1100,N,nominal,1.0NRT,292.5,8.3,D
50.9181,34.41959,335.6,0.5,0.5,2017-04-28,1100,N,nominal,1.0NRT,296.9,2.9,D
50.91763,34.41248,331.2,0.5,0.5,2017-04-28,1100,N,nominal,1.0NRT,297.1,2.9,D
50.57925,30.29576,334.1,0.5,0.4,2017-04-28,1100,N,nominal,1.0NRT,294.6,9.3,D
50.70431,31.21051,329.6,0.5,0.4,2017-04-28,1100,N,nominal,1.0NRT,296.8,2.3,D
50.79338,31.06323,330.6,0.5,0.4,2017-04-28,1100,N,nominal,1.0NRT,295.6,3,D
50.9628,31.67578,333.5,0.6,0.4,2017-04-28,1100,N,nominal,1.0NRT,297,4.1,D
50.9668,31.67491,332.9,0.6,0.4,2017-04-28,1100,N,nominal,1.0NRT,296.8,4.1,D
51.38352,31.85419,330.7,0.4,0.5,2017-04-28,1100,N,nominal,1.0NRT,298.4,1.4,D
51.391,31.8518,354.8,0.4,0.5,2017-04-28,1100,N,nominal,1.0NRT,308,13.5,D
51.39053,31.84612,346.2,0.4,0.5,2017-04-28,1100,N,nominal,1.0NRT,304.1,13.5,D
51.39552,31.85662,340.6,0.4,0.5,2017-04-28,1100,N,nominal,1.0NRT,299.9,8.1,D
51.39505,31.85093,337.7,0.4,0.5,2017-04-28,1100,N,nominal,1.0NRT,298.2,6.9,D
51.6874,34.16938,328,0.5,0.5,2017-04-28,1100,N,nominal,1.0NRT,284,3.6,D
51.68558,34.14066,332,0.5,0.5,2017-04-28,1100,N,nominal,1.0NRT,284,4,D
51.76114,34.54227,325.2,0.5,0.5,2017-04-28,1100,N,nominal,1.0NRT,280.1,3.6,D
51.79658,34.29741,334.6,0.5,0.5,2017-04-28,1100,N,nominal,1.0NRT,277.6,4.5,D
51.67599,31.353,337,0.6,0.4,2017-04-28,1100,N,nominal,1.0NRT,299.1,8.2,D
51.67527,31.34474,337.4,0.6,0.4,2017-04-28,1100,N,nominal,1.0NRT,300.1,8.2,D
51.67997,31.35213,328.6,0.6,0.4,2017-04-28,1100,N,nominal,1.0NRT,294.2,8.3,D
51.68649,31.33383,325.1,0.6,0.4,2017-04-28,1100,N,low,1.0NRT,297.6,4.2,D
51.68577,31.32559,330.2,0.6,0.4,2017-04-28,1100,N,nominal,1.0NRT,296.4,4.2,D
51.69046,31.33294,330.8,0.6,0.4,2017-04-28,1100,N,nominal,1.0NRT,293.7,4.2,D
51.68974,31.32469,341.8,0.6,0.4,2017-04-28,1100,N,nominal,1.0NRT,296.1,4.2,D
51.68902,31.31645,336.7,0.6,0.4,2017-04-28,1100,N,nominal,1.0NRT,296,6,D
51.69372,31.3238,330.4,0.6,0.4,2017-04-28,1100,N,nominal,1.0NRT,293.6,5.3,D
51.693,31.31556,346.1,0.6,0.4,2017-04-28,1100,N,nominal,1.0NRT,297.5,10.4,D
51.7738,31.02298,339.8,0.6,0.4,2017-04-28,1100,N,nominal,1.0NRT,291.4,5,D
51.83974,31.17382,345.8,0.6,0.4,2017-04-28,1100,N,nominal,1.0NRT,297.4,8.3,D
51.84765,31.17202,336.3,0.6,0.4,2017-04-28,1100,N,nominal,1.0NRT,297.1,6.4,D
51.85161,31.17113,343.1,0.6,0.4,2017-04-28,1100,N,nominal,1.0NRT,298.8,9.9,D
51.84916,31.17281,343.8,0.6,0.4,2017-04-28,1100,N,nominal,1.0NRT,298.8,12.1,D
51.85312,31.17192,342.1,0.6,0.4,2017-04-28,1100,N,nominal,1.0NRT,297.8,13.2,D
52.04727,33.16079,337.2,0.4,0.5,2017-04-28,1100,N,nominal,1.0NRT,291.1,3.8,D
52.26982,33.65043,327.2,0.5,0.5,2017-04-28,1100,N,nominal,1.0NRT,286.5,4.1,D
52.32978,32.06587,329.5,0.4,0.5,2017-04-28,1100,N,nominal,1.0NRT,287.9,3.1,D
52.43026,32.42745,341.4,0.4,0.5,2017-04-28,1100,N,nominal,1.0NRT,287.4,12.1,D
52.5277,33.67744,367,0.5,0.5,2017-04-28,1100,N,nominal,1.0NRT,290.9,12.7,D
52.53215,33.6767,353.2,0.5,0.5,2017-04-28,1100,N,nominal,1.0NRT,291.4,12.7,D
52.74645,34.68054,331.1,0.5,0.5,2017-04-28,1100,N,nominal,1.0NRT,289.2,3.7,D
52.74824,34.67922,335.1,0.5,0.5,2017-04-28,1100,N,nominal,1.0NRT,289.7,3.2,D
52.76975,33.73499,342.4,0.5,0.5,2017-04-28,1100,N,nominal,1.0NRT,295.7,12.3,D
52.84464,34.51334,333.2,0.5,0.5,2017-04-28,1100,N,nominal,1.0NRT,296,3.3,D
52.89614,34.68179,325.2,0.5,0.5,2017-04-28,1100,N,nominal,1.0NRT,293.2,4.7,D
52.90124,34.68903,334.9,0.5,0.5,2017-04-28,1100,N,nominal,1.0NRT,292.8,3.7,D
53.25523,34.40422,331.1,0.5,0.5,2017-04-28,1100,N,nominal,1.0NRT,288.6,2.5,D
52.4947,4.61038,325.6,0.5,0.7,2017-04-28,1106,N,nominal,1.0NRT,286.8,2.3,D
57.30823,16.98225,329,0.4,0.4,2017-04-28,1106,N,nominal,1.0NRT,286.7,2.6,D
59.39531,31.79899,342.8,0.5,0.5,2017-04-28,1106,N,nominal,1.0NRT,290.4,6,D
59.70209,29.49999,355.7,0.4,0.5,2017-04-28,1106,N,nominal,1.0NRT,299.6,12.9,D
59.70619,29.49881,325.5,0.4,0.5,2017-04-28,1106,N,nominal,1.0NRT,290.8,12.9,D
59.70413,29.50051,355.9,0.4,0.5,2017-04-28,1106,N,nominal,1.0NRT,298,23.5,D
59.7036,29.49327,341,0.4,0.5,2017-04-28,1106,N,nominal,1.0NRT,291.8,8,D
59.93087,32.3503,325.3,0.5,0.5,2017-04-28,1106,N,nominal,1.0NRT,288.1,2.6,D
60.80493,1.4446,327.9,0.6,0.5,2017-04-28,1106,N,nominal,1.0NRT,279.2,3.2,D
65.56225,22.21851,332.6,0.5,0.4,2017-04-28,1106,N,nominal,1.0NRT,291.5,8.2,D
66.30889,14.17465,327.6,0.4,0.4,2017-04-28,1106,N,nominal,1.0NRT,291,3.6,D
35.04458,6.15039,337.2,0.4,0.4,2017-04-28,1242,N,low,1.0NRT,310.2,2.2,D
35.35024,5.76103,338.3,0.4,0.4,2017-04-28,1242,N,nominal,1.0NRT,309.5,4.1,D
36.72947,10.25952,336.5,0.4,0.5,2017-04-28,1242,N,nominal,1.0NRT,295.8,2.5,D
37.22401,14.38805,334.4,0.3,0.6,2017-04-28,1242,N,nominal,1.0NRT,297.7,2.2,D
37.31248,14.28343,330.2,0.3,0.6,2017-04-28,1242,N,nominal,1.0NRT,297.4,1.8,D
37.75105,14.99853,367,0.4,0.6,2017-04-28,1242,N,nominal,1.0NRT,299.8,27.1,D
37.75385,14.99831,367,0.4,0.6,2017-04-28,1242,N,nominal,1.0NRT,291.6,15.7,D
40.23441,20.71837,327.9,0.8,0.8,2017-04-28,1242,N,nominal,1.0NRT,291.4,5.8,D
41.83701,20.07156,325.5,0.7,0.8,2017-04-28,1242,N,nominal,1.0NRT,289.1,4.6,D
41.84087,20.07718,326,0.7,0.8,2017-04-28,1242,N,nominal,1.0NRT,287.3,5.9,D
40.24305,-3.47411,326.1,0.6,0.4,2017-04-28,1242,N,low,1.0NRT,299,1.6,D
39.07631,-8.45283,336.3,0.4,0.6,2017-04-28,1242,N,nominal,1.0NRT,296.4,2.8,D
39.07528,-8.45677,339,0.4,0.6,2017-04-28,1242,N,nominal,1.0NRT,296.2,2.8,D
41.45475,1.98045,327.6,0.4,0.4,2017-04-28,1242,N,low,1.0NRT,301.4,2.5,D
39.65744,-8.96819,328.8,0.4,0.6,2017-04-28,1242,N,nominal,1.0NRT,295.8,2,D
39.66254,-8.97031,335,0.4,0.6,2017-04-28,1242,N,nominal,1.0NRT,295.2,2,D
41.92614,0.17732,326.4,0.4,0.4,2017-04-28,1242,N,low,1.0NRT,301.2,1.2,D
40.53053,-8.35627,367,0.6,0.6,2017-04-28,1242,N,nominal,1.0NRT,299.7,14,D
40.53204,-8.35039,351.4,0.6,0.6,2017-04-28,1242,N,nominal,1.0NRT,297.6,15.6,D
41.11963,-6.89451,339.5,0.5,0.5,2017-04-28,1242,N,nominal,1.0NRT,299.5,6.6,D
43.43634,4.89242,332.4,0.4,0.4,2017-04-28,1242,N,nominal,1.0NRT,301.3,3.4,D
43.43981,4.89161,336.8,0.4,0.4,2017-04-28,1242,N,nominal,1.0NRT,299.9,3.4,D
43.43851,4.88109,337.3,0.4,0.4,2017-04-28,1242,N,nominal,1.0NRT,297.5,8,D
43.44458,4.90134,334.1,0.4,0.4,2017-04-28,1242,N,nominal,1.0NRT,298.4,3.8,D
43.44393,4.89606,332.3,0.4,0.4,2017-04-28,1242,N,nominal,1.0NRT,296.6,3.8,D
43.4474,4.89526,336.6,0.4,0.4,2017-04-28,1242,N,nominal,1.0NRT,297,3.8,D
43.63824,4.36233,338.6,0.4,0.4,2017-04-28,1242,N,nominal,1.0NRT,306.8,37.3,D
41.63408,-6.77266,339.6,0.5,0.5,2017-04-28,1242,N,nominal,1.0NRT,295.6,4.6,D
41.33526,-8.69568,346.6,0.6,0.6,2017-04-28,1242,N,nominal,1.0NRT,305.7,16.2,D
41.34005,-8.69783,339.3,0.6,0.6,2017-04-28,1242,N,nominal,1.0NRT,298,16.2,D
41.68944,-7.35034,329.1,0.5,0.5,2017-04-28,1242,N,nominal,1.0NRT,296.8,5.2,D
41.68795,-7.35645,333.4,0.5,0.5,2017-04-28,1242,N,nominal,1.0NRT,297.8,3.8,D
42.42908,-4.24922,345.7,0.6,0.4,2017-04-28,1242,N,nominal,1.0NRT,301.7,26.7,D
41.77789,-7.20765,326.1,0.5,0.5,2017-04-28,1242,N,nominal,1.0NRT,295.2,1.5,D
41.77811,-7.20333,326.2,0.5,0.5,2017-04-28,1242,N,nominal,1.0NRT,292.9,4.7,D
41.65064,-7.9586,341,0.6,0.5,2017-04-28,1242,N,nominal,1.0NRT,295.5,11,D
41.95039,-7.11684,339.9,0.5,0.5,2017-04-28,1242,N,nominal,1.0NRT,299.3,6.3,D
41.68623,-8.22311,338.6,0.6,0.5,2017-04-28,1242,N,nominal,1.0NRT,297,6.6,D
41.68458,-8.22966,336.5,0.6,0.5,2017-04-28,1242,N,nominal,1.0NRT,296.6,6.6,D
42.45872,-6.0639,328.9,0.4,0.5,2017-04-28,1242,N,nominal,1.0NRT,297.5,1.4,D
42.62828,-5.40639,330.5,0.4,0.5,2017-04-28,1242,N,nominal,1.0NRT,299.6,2.4,D
41.99897,-8.5419,328.1,0.6,0.5,2017-04-28,1242,N,nominal,1.0NRT,298.5,4.6,D
42.00345,-8.54478,336.1,0.6,0.5,2017-04-28,1242,N,nominal,1.0NRT,296.8,4.6,D
42.00155,-8.54441,340.4,0.6,0.5,2017-04-28,1242,N,nominal,1.0NRT,297.7,4.4,D
45.49059,9.33522,335.2,0.4,0.5,2017-04-28,1242,N,nominal,1.0NRT,288.2,3.3,D
45.48728,9.33303,328.9,0.4,0.5,2017-04-28,1242,N,nominal,1.0NRT,291.5,3,D
43.52725,-5.73179,325.8,0.4,0.5,2017-04-28,1242,N,nominal,1.0NRT,295.1,3.4,D
43.53957,-5.83302,327.7,0.4,0.5,2017-04-28,1242,N,nominal,1.0NRT,299.2,2.7,D
47.79737,2.36337,325.3,0.4,0.4,2017-04-28,1242,N,low,1.0NRT,296.4,1.6,D
49.34831,6.74591,327.1,0.6,0.4,2017-04-28,1242,N,nominal,1.0NRT,288.6,3.2,D
51.04374,2.29895,338.5,0.4,0.4,2017-04-28,1242,N,nominal,1.0NRT,293.1,4.2,D
52.48123,4.59258,335.6,0.5,0.4,2017-04-28,1242,N,nominal,1.0NRT,295.5,7.9,D
52.48429,4.58401,330.5,0.5,0.4,2017-04-28,1242,N,nominal,1.0NRT,290.7,2,D
53.56824,-0.60157,331.1,0.4,0.4,2017-04-28,1242,N,nominal,1.0NRT,280.9,3.9,D
60.80661,5.02469,325.3,0.4,0.5,2017-04-28,1248,N,nominal,1.0NRT,290.2,2.6,D
61.48564,1.46389,325.4,0.5,0.4,2017-04-28,1248,N,nominal,1.0NRT,280.1,2.1,D
66.31002,14.18265,325.4,0.5,0.6,2017-04-28,1248,N,nominal,1.0NRT,283.8,3.6,D
66.31013,14.17229,334.3,0.4,0.6,2017-04-28,1248,N,nominal,1.0NRT,289.2,3.6,D
66.30666,14.16858,326,0.5,0.6,2017-04-28,1248,N,nominal,1.0NRT,286,5.3,D
38.87719,-8.74737,328.1,0.5,0.7,2017-04-28,1424,N,nominal,1.0NRT,292.2,3,D
37.78608,-25.59029,333.8,0.5,0.4,2017-04-28,1424,N,nominal,1.0NRT,294,2.7,D
40.53202,-8.35552,334.8,0.5,0.7,2017-04-28,1424,N,nominal,1.0NRT,296.8,2.6,D
40.68824,-7.29536,328.9,0.6,0.7,2017-04-28,1424,N,nominal,1.0NRT,294.9,4.4,D
41.28262,-7.91199,367,0.5,0.7,2017-04-28,1424,N,nominal,1.0NRT,302.9,9.9,D
41.28244,-7.91943,332.2,0.5,0.7,2017-04-28,1424,N,nominal,1.0NRT,296.3,9.9,D
41.28888,-7.91213,342.5,0.5,0.7,2017-04-28,1424,N,nominal,1.0NRT,288.6,9.9,D
41.33483,-8.69615,325.5,0.5,0.7,2017-04-28,1424,N,low,1.0NRT,298.7,2.9,D
41.37533,-8.34476,341.5,0.5,0.7,2017-04-28,1424,N,nominal,1.0NRT,300.8,4.1,D
41.38527,-8.62799,337.9,0.5,0.7,2017-04-28,1424,N,nominal,1.0NRT,297.7,4.6,D
41.4059,-8.3493,332.1,0.5,0.7,2017-04-28,1424,N,nominal,1.0NRT,297.1,1.4,D
41.41206,-8.34853,332.2,0.5,0.7,2017-04-28,1424,N,nominal,1.0NRT,295.5,1.6,D
41.47257,-8.11246,367,0.5,0.7,2017-04-28,1424,N,nominal,1.0NRT,294.5,6.3,D
41.47769,-8.15551,341.6,0.5,0.7,2017-04-28,1424,N,nominal,1.0NRT,295.6,5.8,D
41.65524,-7.96249,367,0.5,0.7,2017-04-28,1424,N,nominal,1.0NRT,302.4,18.2,D
41.65541,-7.95595,327.5,0.5,0.7,2017-04-28,1424,N,nominal,1.0NRT,296,18.2,D
41.65231,-7.9593,367,0.5,0.7,2017-04-28,1424,N,nominal,1.0NRT,304.3,27.5,D
41.65217,-7.9659,354.9,0.5,0.7,2017-04-28,1424,N,nominal,1.0NRT,295.5,17.1,D
41.77636,-7.19947,331.2,0.6,0.7,2017-04-28,1424,N,nominal,1.0NRT,296.1,3.7,D
41.7762,-7.20722,336.1,0.6,0.7,2017-04-28,1424,N,nominal,1.0NRT,298.7,3.7,D
41.77612,-7.20108,335,0.6,0.7,2017-04-28,1424,N,nominal,1.0NRT,297.1,6.2,D
41.77601,-7.20838,331.7,0.6,0.7,2017-04-28,1424,N,nominal,1.0NRT,298.5,3.7,D
41.77365,-7.721,367,0.5,0.7,2017-04-28,1424,N,nominal,1.0NRT,308.2,25.1,D
41.77351,-7.72787,337.9,0.5,0.7,2017-04-28,1424,N,nominal,1.0NRT,295.5,10.6,D
41.77998,-7.72154,367,0.5,0.7,2017-04-28,1424,N,nominal,1.0NRT,295.1,44.5,D
41.77984,-7.72821,347.9,0.5,0.7,2017-04-28,1424,N,nominal,1.0NRT,288.2,12.8,D
41.8673,-7.1872,327.9,0.6,0.7,2017-04-28,1424,N,nominal,1.0NRT,296.7,6.7,D
41.87379,-7.18768,353.4,0.6,0.7,2017-04-28,1424,N,nominal,1.0NRT,297.3,6.7,D
41.87284,-7.19014,367,0.6,0.7,2017-04-28,1424,N,nominal,1.0NRT,297,9.2,D
41.9406,-7.01899,326.8,0.6,0.7,2017-04-28,1424,N,nominal,1.0NRT,293.9,2.7,D
42.11671,-5.95615,331.3,0.7,0.8,2017-04-28,1424,N,nominal,1.0NRT,294.5,4,D
65.76665,24.18053,322.6,0.5,0.7,2017-04-28,2312,N,nominal,1.0NRT,270.7,2.2,N
65.76707,24.19299,306.7,0.5,0.7,2017-04-28,2312,N,nominal,1.0NRT,269.1,2.2,N
65.5661,22.22502,307.1,0.6,0.7,2017-04-28,2312,N,nominal,1.0NRT,270.1,2.6,N
64.64876,24.4259,367,0.5,0.7,2017-04-28,2312,N,nominal,1.0NRT,272.2,6.7,N
64.6424,24.42678,335.3,0.5,0.7,2017-04-28,2312,N,nominal,1.0NRT,269.7,6.7,N
64.64759,24.42093,349.8,0.5,0.7,2017-04-28,2312,N,nominal,1.0NRT,270.7,11.7,N
64.6479,24.43269,333,0.5,0.7,2017-04-28,2312,N,nominal,1.0NRT,270,7.3,N
60.2858,22.28974,296.6,0.6,0.7,2017-04-28,2312,N,nominal,1.0NRT,272.1,1.6,N
53.44385,34.41906,331.3,0.4,0.5,2017-04-28,2312,N,nominal,1.0NRT,282.8,4.7,N
53.10771,34.22083,295.4,0.4,0.5,2017-04-28,2312,N,nominal,1.0NRT,273.1,0.3,N
53.13173,33.84866,306.2,0.4,0.5,2017-04-28,2312,N,nominal,1.0NRT,263.9,1.5,N
52.97063,34.7209,306.1,0.4,0.5,2017-04-28,2312,N,nominal,1.0NRT,271.1,1.2,N
52.97015,34.7271,299.8,0.4,0.5,2017-04-28,2312,N,nominal,1.0NRT,272.4,1.2,N
52.96648,34.72003,296.7,0.4,0.5,2017-04-28,2312,N,nominal,1.0NRT,271.6,1.2,N
52.9696,34.72061,303.9,0.4,0.5,2017-04-28,2312,N,nominal,1.0NRT,271.1,1.3,N
52.96909,34.7268,313.2,0.4,0.5,2017-04-28,2312,N,nominal,1.0NRT,273.1,1.2,N
52.81001,34.90876,321.3,0.4,0.5,2017-04-28,2312,N,nominal,1.0NRT,278,1.5,N
52.8059,34.90781,312.5,0.4,0.5,2017-04-28,2312,N,nominal,1.0NRT,277.2,1.5,N
52.8018,34.90688,326.5,0.4,0.5,2017-04-28,2312,N,nominal,1.0NRT,277.1,3.1,N
52.8013,34.91294,330.6,0.4,0.5,2017-04-28,2312,N,nominal,1.0NRT,277.3,3.1,N
52.7972,34.91203,333.6,0.4,0.5,2017-04-28,2312,N,nominal,1.0NRT,276.5,3.1,N
52.79669,34.9181,302.7,0.4,0.5,2017-04-28,2312,N,nominal,1.0NRT,275.5,1.1,N
52.68237,34.91019,302.2,0.4,0.5,2017-04-28,2312,N,nominal,1.0NRT,276.5,0.6,N
52.47107,32.36338,321.8,0.5,0.5,2017-04-28,2312,N,nominal,1.0NRT,273.5,3.3,N
52.48868,31.76048,304.9,0.5,0.5,2017-04-28,2312,N,nominal,1.0NRT,280.9,1.8,N
52.48822,31.7685,311,0.5,0.5,2017-04-28,2312,N,nominal,1.0NRT,280.9,0.8,N
52.48399,31.75978,311.7,0.5,0.5,2017-04-28,2312,N,nominal,1.0NRT,280.8,2.1,N
52.48353,31.76783,298.8,0.5,0.5,2017-04-28,2312,N,nominal,1.0NRT,280.4,0.8,N
52.21681,34.36514,298.6,0.4,0.5,2017-04-28,2312,N,nominal,1.0NRT,278.9,1.6,N
52.21264,34.36424,322.9,0.4,0.5,2017-04-28,2312,N,nominal,1.0NRT,278.1,1.6,N
52.08486,34.095,295.4,0.4,0.5,2017-04-28,2312,N,nominal,1.0NRT,272.3,0.7,N
52.08064,34.09415,297.1,0.4,0.5,2017-04-28,2312,N,nominal,1.0NRT,271.7,0.6,N
52.0322,34.70375,315.6,0.4,0.5,2017-04-28,2312,N,nominal,1.0NRT,271.5,1.7,N
52.03171,34.70966,311.1,0.4,0.5,2017-04-28,2312,N,nominal,1.0NRT,271.6,1.4,N
51.85527,34.42144,302.5,0.4,0.5,2017-04-28,2312,N,nominal,1.0NRT,274.2,1.4,N
51.82726,34.40302,301.7,0.4,0.5,2017-04-28,2312,N,nominal,1.0NRT,276.4,1.3,N
51.83072,34.40402,295.1,0.4,0.5,2017-04-28,2312,N,nominal,1.0NRT,277,0.9,N
52.02021,31.24723,309.8,0.6,0.5,2017-04-28,2312,N,nominal,1.0NRT,278.9,1.8,N
51.68124,34.89043,295.9,0.4,0.5,2017-04-28,2312,N,nominal,1.0NRT,275,1.1,N
51.68206,34.8886,303.3,0.4,0.5,2017-04-28,2312,N,nominal,1.0NRT,273.3,0.7,N
51.86061,31.18161,319.8,0.6,0.5,2017-04-28,2312,N,nominal,1.0NRT,280.2,1.8,N
51.85583,31.18089,301.2,0.6,0.5,2017-04-28,2312,N,nominal,1.0NRT,279.3,1.1,N
51.84584,31.18773,309.3,0.6,0.5,2017-04-28,2312,N,nominal,1.0NRT,279.6,1.1,N
51.84106,31.18702,311.6,0.6,0.5,2017-04-28,2312,N,nominal,1.0NRT,279.2,1.1,N
51.60632,34.45662,296.4,0.4,0.5,2017-04-28,2312,N,nominal,1.0NRT,274.6,0.6,N
51.84716,31.1827,313.8,0.6,0.5,2017-04-28,2312,N,nominal,1.0NRT,278.7,2.1,N
51.84238,31.182,311.8,0.6,0.5,2017-04-28,2312,N,nominal,1.0NRT,278.9,2.1,N
51.8376,31.18131,306.3,0.6,0.5,2017-04-28,2312,N,nominal,1.0NRT,279.6,1.3,N
51.37819,33.90971,295.3,0.4,0.5,2017-04-28,2312,N,nominal,1.0NRT,258.2,0.5,N
51.22729,34.25293,299.8,0.4,0.5,2017-04-28,2312,N,nominal,1.0NRT,271.3,0.5,N
51.38016,31.47655,306.4,0.5,0.5,2017-04-28,2312,N,nominal,1.0NRT,280.2,1.1,N
51.37969,31.4844,301.7,0.5,0.5,2017-04-28,2312,N,nominal,1.0NRT,279.9,1.1,N
51.375,31.48368,297.8,0.5,0.5,2017-04-28,2312,N,nominal,1.0NRT,280,1.1,N
51.30566,31.36955,303.5,0.5,0.5,2017-04-28,2312,N,nominal,1.0NRT,278.2,1,N
51.09296,34.44394,304.1,0.4,0.5,2017-04-28,2312,N,nominal,1.0NRT,274.3,1,N
51.09248,34.44974,304.7,0.4,0.5,2017-04-28,2312,N,nominal,1.0NRT,273.5,1,N
51.30094,31.36882,296.8,0.5,0.5,2017-04-28,2312,N,nominal,1.0NRT,278.1,1.1,N
51.30465,31.37136,312.1,0.5,0.5,2017-04-28,2312,N,nominal,1.0NRT,278.6,1.7,N
51.08949,33.96035,302.6,0.4,0.5,2017-04-28,2312,N,nominal,1.0NRT,272.6,1.1,N
51.0858,33.95341,299,0.4,0.5,2017-04-28,2312,N,nominal,1.0NRT,272.1,1.1,N
51.08161,33.95256,295.8,0.4,0.5,2017-04-28,2312,N,nominal,1.0NRT,271.3,0.5,N
50.83928,34.21039,303.6,0.4,0.5,2017-04-28,2312,N,nominal,1.0NRT,275.6,0.8,N
50.88914,33.19578,300.4,0.4,0.5,2017-04-28,2312,N,nominal,1.0NRT,275.5,1.4,N
50.54638,33.22097,296.5,0.4,0.5,2017-04-28,2318,N,nominal,1.0NRT,267.3,1.2,N
50.45839,34.18045,300.3,0.4,0.5,2017-04-28,2318,N,nominal,1.0NRT,280.6,0.7,N
50.45181,33.43193,304,0.4,0.5,2017-04-28,2318,N,nominal,1.0NRT,272.5,1.1,N
50.44756,33.43101,307.6,0.4,0.5,2017-04-28,2318,N,nominal,1.0NRT,271.9,1.1,N
50.23103,33.14704,297.2,0.4,0.5,2017-04-28,2318,N,nominal,1.0NRT,269.1,0.9,N
49.74127,31.18593,325.2,0.5,0.5,2017-04-28,2318,N,nominal,1.0NRT,276.9,3.6,N
49.74039,31.18027,311.4,0.5,0.5,2017-04-28,2318,N,nominal,1.0NRT,275.5,2,N
49.73991,31.18779,304.5,0.5,0.5,2017-04-28,2318,N,nominal,1.0NRT,275.7,1.2,N
49.63021,31.86654,331.7,0.5,0.5,2017-04-28,2318,N,nominal,1.0NRT,279.8,4.7,N
48.70169,33.74628,354.1,0.4,0.5,2017-04-28,2318,N,nominal,1.0NRT,286.5,8,N
48.69759,33.7454,302.8,0.4,0.5,2017-04-28,2318,N,nominal,1.0NRT,277.8,8,N
48.52657,34.65274,295.6,0.6,0.4,2017-04-28,2318,N,nominal,1.0NRT,284.3,1,N
48.48046,34.96912,295.3,0.5,0.4,2017-04-28,2318,N,nominal,1.0NRT,283.2,1.2,N
48.47269,34.96756,297.7,0.5,0.4,2017-04-28,2318,N,nominal,1.0NRT,285.7,0.8,N
48.47966,34.97734,295.1,0.5,0.4,2017-04-28,2318,N,nominal,1.0NRT,284.3,0.8,N
48.47263,34.96849,297.2,0.5,0.4,2017-04-28,2318,N,nominal,1.0NRT,285.4,0.9,N
48.16623,30.61824,310.9,0.5,0.5,2017-04-28,2318,N,nominal,1.0NRT,272.7,2.8,N
47.88512,33.446,314,0.4,0.5,2017-04-28,2318,N,nominal,1.0NRT,284,1.8,N
47.88062,33.40022,298.2,0.4,0.5,2017-04-28,2318,N,nominal,1.0NRT,284.5,1.1,N
47.87601,33.40495,309.1,0.4,0.5,2017-04-28,2318,N,nominal,1.0NRT,284.4,1.3,N
47.87556,33.41046,303.1,0.4,0.5,2017-04-28,2318,N,nominal,1.0NRT,285.4,1.3,N
47.87509,33.41597,301.4,0.4,0.5,2017-04-28,2318,N,nominal,1.0NRT,285.3,1.1,N
47.87322,33.43803,307.8,0.4,0.5,2017-04-28,2318,N,nominal,1.0NRT,283.6,1.2,N
47.87328,33.38757,299.7,0.4,0.5,2017-04-28,2318,N,nominal,1.0NRT,285.1,1.3,N
47.87282,33.39309,314.7,0.4,0.5,2017-04-28,2318,N,nominal,1.0NRT,285.2,1.1,N
47.87236,33.39861,295.5,0.4,0.5,2017-04-28,2318,N,nominal,1.0NRT,285.2,1.1,N
47.86544,33.43089,338.1,0.4,0.5,2017-04-28,2318,N,nominal,1.0NRT,286.6,4.4,N
47.86915,33.38674,299.6,0.4,0.5,2017-04-28,2318,N,nominal,1.0NRT,282.1,1.3,N
47.86868,33.39225,305.4,0.4,0.5,2017-04-28,2318,N,nominal,1.0NRT,282.3,1.1,N
47.8749,33.40451,304.3,0.4,0.5,2017-04-28,2318,N,nominal,1.0NRT,283.6,2,N
47.87392,33.4155,303.1,0.4,0.5,2017-04-28,2318,N,nominal,1.0NRT,284.3,1.9,N
47.87194,33.43753,309.7,0.4,0.5,2017-04-28,2318,N,nominal,1.0NRT,283.4,1.7,N
47.87175,33.39267,326.8,0.4,0.5,2017-04-28,2318,N,nominal,1.0NRT,286.3,2,N
47.87371,33.37062,301.8,0.4,0.5,2017-04-28,2318,N,nominal,1.0NRT,285,1.1,N
47.87323,33.37614,302,0.4,0.5,2017-04-28,2318,N,nominal,1.0NRT,285.7,1.5,N
47.87224,33.38717,301.1,0.4,0.5,2017-04-28,2318,N,nominal,1.0NRT,284.7,2,N
47.86831,33.43121,316.7,0.4,0.5,2017-04-28,2318,N,nominal,1.0NRT,283.1,1.7,N
47.86419,33.4304,330.5,0.4,0.5,2017-04-28,2318,N,nominal,1.0NRT,283.4,4.5,N
47.86271,33.44695,334.9,0.4,0.5,2017-04-28,2318,N,nominal,1.0NRT,282.3,5,N
47.86594,33.36342,297.7,0.4,0.5,2017-04-28,2318,N,nominal,1.0NRT,280.9,0.5,N
47.84285,33.38688,307.9,0.4,0.5,2017-04-28,2318,N,nominal,1.0NRT,284,1.2,N
47.78802,28.95741,305.7,0.3,0.6,2017-04-28,2318,N,nominal,1.0NRT,281,1.3,N
47.17451,31.75669,306,0.5,0.5,2017-04-28,2318,N,nominal,1.0NRT,280.7,1,N
45.43523,27.9732,311,0.3,0.6,2017-04-28,2318,N,nominal,1.0NRT,282.9,1.8,N
44.23909,28.30958,296.6,0.3,0.6,2017-04-28,2318,N,nominal,1.0NRT,281.3,0.6,N
42.7175,24.17129,320.6,0.5,0.7,2017-04-28,2318,N,nominal,1.0NRT,281.3,2.1,N
42.71131,24.1702,301.9,0.5,0.7,2017-04-28,2318,N,nominal,1.0NRT,280,2.1,N
42.71349,24.1726,329.3,0.5,0.7,2017-04-28,2318,N,nominal,1.0NRT,281.5,2.9,N
41.31011,34.48758,329.4,0.5,0.4,2017-04-28,2318,N,nominal,1.0NRT,298.9,87.6,N
41.30646,34.48703,339.4,0.5,0.4,2017-04-28,2318,N,nominal,1.0NRT,283.3,45.3,N
41.62795,27.68734,298.2,0.3,0.6,2017-04-28,2318,N,nominal,1.0NRT,281.9,0.8,N
41.63176,27.68604,299.5,0.3,0.6,2017-04-28,2318,N,nominal,1.0NRT,284.7,1,N
41.19201,32.61953,299.6,0.6,0.4,2017-04-28,2318,N,nominal,1.0NRT,282.5,2.6,N
41.18804,32.61889,328.9,0.6,0.4,2017-04-28,2318,N,nominal,1.0NRT,282.8,2.6,N
41.17479,32.63036,298.7,0.6,0.4,2017-04-28,2318,N,nominal,1.0NRT,282.1,1.4,N
41.17412,32.63689,305.1,0.6,0.4,2017-04-28,2318,N,nominal,1.0NRT,282.9,1.4,N
41.26569,31.42555,313.9,0.4,0.5,2017-04-28,2318,N,nominal,1.0NRT,289.2,1,N
41.26523,31.43072,302.2,0.4,0.5,2017-04-28,2318,N,nominal,1.0NRT,285.3,1,N
41.26149,31.42483,300.7,0.4,0.5,2017-04-28,2318,N,nominal,1.0NRT,283.7,1,N
41.26102,31.43,299.2,0.4,0.5,2017-04-28,2318,N,nominal,1.0NRT,284.8,1,N
41.25398,31.41317,303.1,0.4,0.5,2017-04-28,2318,N,nominal,1.0NRT,283.8,1.1,N
41.0192,28.55257,297.1,0.6,0.5,2017-04-28,2318,N,nominal,1.0NRT,283.4,1.8,N
41.01872,28.55949,309.8,0.6,0.5,2017-04-28,2318,N,nominal,1.0NRT,285,2.1,N
40.76672,29.53282,307,0.5,0.5,2017-04-28,2318,N,nominal,1.0NRT,286.5,1.7,N
40.74513,29.76806,300.2,0.5,0.5,2017-04-28,2318,N,nominal,1.0NRT,287.3,1.3,N
40.75888,29.35949,306.1,0.5,0.5,2017-04-28,2318,N,nominal,1.0NRT,285.4,1.4,N
40.04935,32.64857,298.3,0.5,0.4,2017-04-28,2318,N,nominal,1.0NRT,280.6,0.8,N
39.93049,32.75477,298.2,0.5,0.4,2017-04-28,2318,N,nominal,1.0NRT,282.2,1.2,N
39.69609,34.67314,295.6,0.4,0.4,2017-04-28,2318,N,nominal,1.0NRT,283.1,1,N
39.8376,30.30322,301.3,0.5,0.5,2017-04-28,2318,N,nominal,1.0NRT,282.6,0.9,N
39.86571,26.24179,296.3,0.4,0.6,2017-04-28,2318,N,nominal,1.0NRT,284.2,0.7,N
39.48347,30.0412,306.3,0.5,0.5,2017-04-28,2318,N,nominal,1.0NRT,282,1.6,N
38.82353,33.10326,300.6,0.5,0.4,2017-04-28,2318,N,nominal,1.0NRT,275.2,1.3,N
38.82352,33.10242,298.2,0.5,0.4,2017-04-28,2318,N,nominal,1.0NRT,275.1,1.1,N
38.6593,30.61689,308.3,0.4,0.5,2017-04-28,2318,N,nominal,1.0NRT,282.2,1.5,N
38.66024,30.62058,298.6,0.4,0.5,2017-04-28,2318,N,nominal,1.0NRT,280.4,0.9,N
38.74042,26.94702,307.2,0.3,0.6,2017-04-28,2318,N,nominal,1.0NRT,287.6,1.5,N
38.7402,26.95097,303.4,0.3,0.6,2017-04-28,2318,N,nominal,1.0NRT,285.9,1.1,N
38.73518,26.94666,301.2,0.3,0.6,2017-04-28,2318,N,nominal,1.0NRT,288.3,1.3,N
38.73503,26.94844,306.4,0.3,0.6,2017-04-28,2318,N,nominal,1.0NRT,287.5,1.2,N
38.73084,26.93192,296.1,0.3,0.6,2017-04-28,2318,N,nominal,1.0NRT,282.6,0.4,N
38.56532,23.29336,304.9,0.5,0.7,2017-04-28,2318,N,nominal,1.0NRT,284.9,1.4,N
37.86137,29.37264,297.4,0.5,0.5,2017-04-28,2318,N,nominal,1.0NRT,285.6,1.1,N
37.18129,33.30772,299.5,0.5,0.4,2017-04-28,2318,N,nominal,1.0NRT,280.1,0.6,N
36.87068,34.76615,310.6,0.4,0.4,2017-04-28,2318,N,nominal,1.0NRT,289.2,1.3,N
36.86787,34.76074,301,0.4,0.4,2017-04-28,2318,N,nominal,1.0NRT,288.8,1.6,N
36.26383,33.73071,306,0.4,0.4,2017-04-28,2318,N,nominal,1.0NRT,289.8,0.9,N
34.72652,33.31506,302.7,0.4,0.4,2017-04-28,2318,N,nominal,1.0NRT,287,1.1,N
70.69437,23.59548,317.1,0.5,0.4,2017-04-29,0048,N,nominal,1.0NRT,276,1.1,N
70.69088,23.59207,310.2,0.5,0.4,2017-04-29,0048,N,nominal,1.0NRT,273.1,1.1,N
67.36267,15.58607,302.3,0.4,0.5,2017-04-29,0054,N,nominal,1.0NRT,273.2,1.6,N
65.76822,24.19493,309.3,0.4,0.4,2017-04-29,0054,N,nominal,1.0NRT,271.4,1.3,N
65.76295,24.18121,326.6,0.4,0.4,2017-04-29,0054,N,nominal,1.0NRT,272.5,3.1,N
65.5631,22.21406,321.7,0.4,0.4,2017-04-29,0054,N,nominal,1.0NRT,272.2,4,N
65.56198,22.22277,334.7,0.4,0.4,2017-04-29,0054,N,nominal,1.0NRT,274.4,4,N
65.55421,22.2552,328.4,0.4,0.4,2017-04-29,0054,N,nominal,1.0NRT,271.1,5.1,N
66.31157,14.17669,304.9,0.4,0.5,2017-04-29,0054,N,nominal,1.0NRT,272,1.4,N
66.30735,14.17608,305.3,0.4,0.5,2017-04-29,0054,N,nominal,1.0NRT,269,1.4,N
64.64719,24.42436,332,0.4,0.4,2017-04-29,0054,N,nominal,1.0NRT,273.2,3.9,N
64.64597,24.42488,329.4,0.4,0.4,2017-04-29,0054,N,nominal,1.0NRT,272.9,3.5,N
60.28744,22.28824,303,0.4,0.4,2017-04-29,0054,N,nominal,1.0NRT,271.6,0.9,N
61.36454,1.57413,330.3,0.5,0.6,2017-04-29,0054,N,nominal,1.0NRT,277,3.3,N
61.36215,1.57101,323.1,0.5,0.6,2017-04-29,0054,N,nominal,1.0NRT,276.4,2.4,N
59.33484,24.5582,302.7,0.4,0.4,2017-04-29,0054,N,nominal,1.0NRT,264.1,0.7,N
59.33387,24.55832,300.3,0.4,0.4,2017-04-29,0054,N,nominal,1.0NRT,263.2,0.5,N
60.46113,-1.2576,299.4,0.6,0.7,2017-04-29,0054,N,nominal,1.0NRT,263.4,1,N
58.35915,12.37747,307.5,0.6,0.4,2017-04-29,0054,N,nominal,1.0NRT,274.6,1.7,N
58.36977,0.06779,324,0.5,0.7,2017-04-29,0054,N,nominal,1.0NRT,276.3,2.8,N
58.35211,0.86067,352.7,0.5,0.7,2017-04-29,0054,N,nominal,1.0NRT,276.8,6.6,N
58.29264,0.19433,309.6,0.5,0.7,2017-04-29,0054,N,nominal,1.0NRT,275,1,N
58.28646,0.19445,302.4,0.5,0.7,2017-04-29,0054,N,nominal,1.0NRT,274.9,1,N
58.28854,0.19104,298.5,0.5,0.7,2017-04-29,0054,N,nominal,1.0NRT,275.3,1.3,N
58.2886,0.19994,311.3,0.5,0.7,2017-04-29,0054,N,nominal,1.0NRT,275.1,1.3,N
57.97744,1.23405,320.4,0.5,0.7,2017-04-29,0054,N,nominal,1.0NRT,276.8,1.8,N
57.975,1.23225,305.7,0.5,0.7,2017-04-29,0054,N,nominal,1.0NRT,276.2,1.4,N
57.97499,1.2403,298,0.5,0.7,2017-04-29,0054,N,nominal,1.0NRT,275.8,1,N
53.13189,33.84102,305.7,0.3,0.6,2017-04-29,0054,N,nominal,1.0NRT,273.9,1.4,N
53.13043,33.84571,298,0.3,0.6,2017-04-29,0054,N,nominal,1.0NRT,271.1,0.9,N
53.13109,33.83981,296.6,0.3,0.6,2017-04-29,0054,N,nominal,1.0NRT,274.2,0.7,N
53.12964,33.84453,301.8,0.3,0.6,2017-04-29,0054,N,nominal,1.0NRT,271.9,0.7,N
53.13278,33.69949,297.3,0.3,0.6,2017-04-29,0054,N,nominal,1.0NRT,268.6,0.4,N
53.12809,33.6956,295.3,0.3,0.6,2017-04-29,0054,N,nominal,1.0NRT,267.1,0.4,N
53.0901,33.70416,296.5,0.3,0.6,2017-04-29,0054,N,nominal,1.0NRT,277.9,0.4,N
53.08541,33.70022,344.4,0.3,0.6,2017-04-29,0054,N,nominal,1.0NRT,279.5,4.2,N
53.08397,33.70488,322.5,0.3,0.6,2017-04-29,0054,N,nominal,1.0NRT,279,2.4,N
53.08073,33.69626,332.6,0.3,0.6,2017-04-29,0054,N,nominal,1.0NRT,278.8,4.2,N
53.07929,33.70094,316.2,0.3,0.6,2017-04-29,0054,N,nominal,1.0NRT,277.8,2.4,N
53.07497,33.71487,312,0.3,0.6,2017-04-29,0054,N,nominal,1.0NRT,278.1,1.6,N
53.07174,33.70626,300.4,0.3,0.6,2017-04-29,0054,N,nominal,1.0NRT,276.8,0.6,N
53.07117,33.70578,303.5,0.3,0.6,2017-04-29,0054,N,nominal,1.0NRT,276,1.2,N
52.21438,34.36897,316.9,0.4,0.6,2017-04-29,0054,N,nominal,1.0NRT,273.5,1.3,N
52.59005,33.10427,300,0.3,0.6,2017-04-29,0054,N,nominal,1.0NRT,271,1.3,N
52.5887,33.10872,306.7,0.3,0.6,2017-04-29,0054,N,nominal,1.0NRT,271.2,0.7,N
52.5602,33.06813,299.3,0.3,0.6,2017-04-29,0054,N,nominal,1.0NRT,273.7,1.4,N
52.5588,33.07268,296.9,0.3,0.6,2017-04-29,0054,N,nominal,1.0NRT,273,0.7,N
52.03033,34.70388,302.8,0.4,0.6,2017-04-29,0054,N,nominal,1.0NRT,260.1,1.4,N
52.03075,34.70868,298.1,0.4,0.6,2017-04-29,0054,N,nominal,1.0NRT,259.4,1.2,N
52.53936,32.65844,297.4,0.3,0.6,2017-04-29,0054,N,nominal,1.0NRT,276.8,0.3,N
52.34803,33.17834,306.5,0.3,0.6,2017-04-29,0054,N,nominal,1.0NRT,266.3,2,N
52.34662,33.18298,305.1,0.3,0.6,2017-04-29,0054,N,nominal,1.0NRT,265.9,1.7,N
52.09169,33.84844,309.9,0.4,0.6,2017-04-29,0054,N,nominal,1.0NRT,276.4,1.1,N
56.77895,2.10708,341.4,0.4,0.6,2017-04-29,0054,N,nominal,1.0NRT,276.3,2.8,N
56.39919,2.05762,296.9,0.4,0.6,2017-04-29,0054,N,nominal,1.0NRT,276.4,1,N
51.55803,32.78225,298.5,0.4,0.6,2017-04-29,0054,N,nominal,1.0NRT,278.1,0.7,N
51.55793,32.78401,296.6,0.4,0.6,2017-04-29,0054,N,nominal,1.0NRT,277.8,0.7,N
55.58124,4.758,317.5,0.3,0.6,2017-04-29,0054,N,nominal,1.0NRT,278,1.3,N
55.57608,4.7574,297.8,0.3,0.6,2017-04-29,0054,N,nominal,1.0NRT,277.7,0.7,N
51.37821,31.48391,304.2,0.3,0.6,2017-04-29,0054,N,nominal,1.0NRT,271.8,0.9,N
51.2816,31.35778,301.6,0.3,0.6,2017-04-29,0054,N,nominal,1.0NRT,279.1,0.4,N
51.27787,31.35356,310.6,0.3,0.6,2017-04-29,0054,N,nominal,1.0NRT,279.9,1.1,N
50.54819,33.21899,301.7,0.4,0.6,2017-04-29,0054,N,nominal,1.0NRT,276.5,0.6,N
50.44745,33.43627,302.1,0.4,0.6,2017-04-29,0054,N,nominal,1.0NRT,273.4,0.8,N
49.61076,34.74218,298.8,0.5,0.7,2017-04-29,0054,N,nominal,1.0NRT,277.6,0.5,N
49.60918,34.74296,301.9,0.5,0.7,2017-04-29,0054,N,nominal,1.0NRT,277.4,1.1,N
49.6316,31.86588,336.9,0.4,0.6,2017-04-29,0054,N,nominal,1.0NRT,279.9,3.2,N
49.6301,31.87072,324.9,0.4,0.6,2017-04-29,0054,N,nominal,1.0NRT,278.3,3.2,N
48.49215,34.9758,300.7,0.5,0.7,2017-04-29,0054,N,nominal,1.0NRT,281.2,1.8,N
48.48847,34.97503,312.9,0.5,0.7,2017-04-29,0054,N,nominal,1.0NRT,282.2,2.3,N
53.52325,9.90394,325.9,0.4,0.5,2017-04-29,0054,N,nominal,1.0NRT,278,2.4,N
53.51188,10.03616,299.2,0.4,0.5,2017-04-29,0054,N,nominal,1.0NRT,276.7,0.8,N
48.70195,33.74617,295.3,0.5,0.7,2017-04-29,0054,N,nominal,1.0NRT,277.1,0.4,N
50.66313,26.35699,313.3,0.4,0.5,2017-04-29,0054,N,nominal,1.0NRT,264.5,1,N
50.6632,26.35703,315.4,0.4,0.5,2017-04-29,0054,N,nominal,1.0NRT,264,1.6,N
53.14099,8.6771,310.9,0.4,0.5,2017-04-29,0054,N,nominal,1.0NRT,274.5,1.6,N
53.13622,8.68287,297.5,0.4,0.5,2017-04-29,0054,N,nominal,1.0NRT,273.6,1.3,N
53.13195,8.68196,323,0.4,0.5,2017-04-29,0054,N,nominal,1.0NRT,274.6,1.3,N
47.62635,34.32648,332.5,0.6,0.7,2017-04-29,0054,N,nominal,1.0NRT,279.9,4.1,N
52.17047,14.62841,296.8,0.4,0.4,2017-04-29,0054,N,nominal,1.0NRT,275.6,0.5,N
47.62354,34.32711,322.8,0.6,0.7,2017-04-29,0054,N,nominal,1.0NRT,278.6,3,N
47.88342,33.4505,306.8,0.5,0.7,2017-04-29,0054,N,nominal,1.0NRT,280.6,2.1,N
47.87922,33.40113,297.4,0.5,0.7,2017-04-29,0054,N,nominal,1.0NRT,283.5,1.4,N
47.8751,33.41352,300.5,0.5,0.7,2017-04-29,0054,N,nominal,1.0NRT,284,1.8,N
47.86275,33.45061,300.8,0.5,0.7,2017-04-29,0054,N,nominal,1.0NRT,278,1.4,N
48.72593,30.69576,306.3,0.4,0.6,2017-04-29,0054,N,nominal,1.0NRT,273.1,0.8,N
47.87371,33.39705,298.5,0.5,0.7,2017-04-29,0054,N,nominal,1.0NRT,283,1.4,N
47.87234,33.38057,296,0.5,0.7,2017-04-29,0054,N,nominal,1.0NRT,283.6,1.8,N
47.87027,33.38679,296.1,0.5,0.7,2017-04-29,0054,N,nominal,1.0NRT,282,1.4,N
51.68929,15.98249,333.4,0.4,0.4,2017-04-29,0054,N,nominal,1.0NRT,269.4,3.9,N
51.69009,15.97687,299.6,0.4,0.4,2017-04-29,0054,N,nominal,1.0NRT,269.3,2.7,N
51.68598,15.98127,345.1,0.4,0.4,2017-04-29,0054,N,nominal,1.0NRT,268.1,3.9,N
49.17039,27.59911,315.2,0.5,0.5,2017-04-29,0054,N,nominal,1.0NRT,276.3,1.9,N
49.16862,27.60584,302.9,0.5,0.5,2017-04-29,0054,N,nominal,1.0NRT,275.9,1.9,N
52.49261,4.61182,331.5,0.6,0.6,2017-04-29,0054,N,nominal,1.0NRT,277.8,3.8,N
52.49223,4.62143,296.1,0.6,0.6,2017-04-29,0054,N,nominal,1.0NRT,276.7,3.8,N
52.48323,4.59147,312.8,0.6,0.6,2017-04-29,0054,N,nominal,1.0NRT,278,3.2,N
52.49443,4.61555,332.9,0.6,0.6,2017-04-29,0054,N,nominal,1.0NRT,279.2,7.8,N
52.48557,4.58561,310.7,0.6,0.6,2017-04-29,0054,N,nominal,1.0NRT,277.2,4.5,N
51.17742,16.10978,304.2,0.4,0.4,2017-04-29,0054,N,nominal,1.0NRT,270.8,1.1,N
48.74692,26.60324,297,0.5,0.5,2017-04-29,0054,N,nominal,1.0NRT,277.7,1.2,N
47.78935,28.95683,302.7,0.3,0.6,2017-04-29,0054,N,nominal,1.0NRT,277.8,0.7,N
51.48617,6.72347,296.3,0.5,0.5,2017-04-29,0054,N,nominal,1.0NRT,272.6,1.5,N
51.48254,6.70787,295.4,0.5,0.5,2017-04-29,0054,N,nominal,1.0NRT,273.3,1.6,N
51.46193,6.74188,299.2,0.5,0.5,2017-04-29,0054,N,nominal,1.0NRT,274.1,0.9,N
51.29838,7.01152,297.9,0.5,0.5,2017-04-29,0054,N,nominal,1.0NRT,275.4,1.1,N
51.2973,7.01065,297.4,0.5,0.5,2017-04-29,0054,N,nominal,1.0NRT,276.2,1.3,N
51.1737,3.8087,345.6,0.3,0.6,2017-04-29,0054,N,nominal,1.0NRT,281.7,2.4,N
51.17389,3.80375,300.2,0.3,0.6,2017-04-29,0054,N,nominal,1.0NRT,277,2.4,N
51.16832,3.81306,333.1,0.3,0.6,2017-04-29,0054,N,nominal,1.0NRT,279,3.2,N
51.16814,3.81797,321.3,0.3,0.6,2017-04-29,0054,N,nominal,1.0NRT,275.9,3.2,N
51.16851,3.80814,311.7,0.3,0.6,2017-04-29,0054,N,nominal,1.0NRT,278.9,4,N
51.16795,3.82288,308.1,0.3,0.6,2017-04-29,0054,N,nominal,1.0NRT,275.4,1.2,N
51.1683,3.81317,325.3,0.3,0.6,2017-04-29,0054,N,nominal,1.0NRT,278.5,2.6,N
51.16809,3.81808,330.6,0.3,0.6,2017-04-29,0054,N,nominal,1.0NRT,277.4,3,N
51.16788,3.82297,335.6,0.3,0.6,2017-04-29,0054,N,nominal,1.0NRT,277.9,3,N
51.1685,3.80826,313.7,0.3,0.6,2017-04-29,0054,N,nominal,1.0NRT,279.1,2.6,N
50.76382,5.67397,295,0.6,0.5,2017-04-29,0054,N,nominal,1.0NRT,276,1.5,N
49.5071,5.96165,299.1,0.5,0.5,2017-04-29,0054,N,nominal,1.0NRT,273.8,1.5,N
49.50246,5.96097,303.6,0.5,0.5,2017-04-29,0054,N,nominal,1.0NRT,274,1.5,N
49.46683,6.00832,297.8,0.5,0.5,2017-04-29,0054,N,nominal,1.0NRT,276.3,1.3,N
49.32445,6.10124,295.5,0.5,0.5,2017-04-29,0054,N,nominal,1.0NRT,275.7,1,N
49.24586,6.84858,328.3,0.5,0.5,2017-04-29,0054,N,nominal,1.0NRT,277,2.9,N
48.27613,14.3364,318.3,0.4,0.4,2017-04-29,0100,N,nominal,1.0NRT,268.6,1.4,N
48.27538,14.34168,298.9,0.4,0.4,2017-04-29,0100,N,nominal,1.0NRT,267.6,1.4,N
45.95472,22.8669,295.9,0.4,0.5,2017-04-29,0100,N,nominal,1.0NRT,277.5,0.4,N
47.3792,15.06779,298.7,0.4,0.4,2017-04-29,0100,N,nominal,1.0NRT,270.4,0.6,N
47.1712,7.56519,297,0.4,0.5,2017-04-29,0100,N,nominal,1.0NRT,273.2,1.9,N
47.06884,8.26418,298.3,0.4,0.5,2017-04-29,0100,N,nominal,1.0NRT,272.9,1.5,N
47.06919,8.26884,306.6,0.4,0.5,2017-04-29,0100,N,nominal,1.0NRT,274.3,0.8,N
45.28194,14.53,298.4,0.4,0.4,2017-04-29,0100,N,nominal,1.0NRT,282,1.9,N
45.52189,11.49627,295.1,0.4,0.4,2017-04-29,0100,N,nominal,1.0NRT,277.6,1.5,N
45.42896,10.99848,296,0.4,0.4,2017-04-29,0100,N,nominal,1.0NRT,279,0.4,N
45.50994,10.2458,313.1,0.5,0.4,2017-04-29,0100,N,nominal,1.0NRT,279.5,1.5,N
45.47988,10.21377,317.8,0.5,0.4,2017-04-29,0100,N,nominal,1.0NRT,278,3,N
45.47723,10.21277,321,0.5,0.4,2017-04-29,0100,N,nominal,1.0NRT,278.7,2,N
45.14516,9.94037,329.3,0.5,0.4,2017-04-29,0100,N,nominal,1.0NRT,283.2,12.7,N
44.82692,11.44743,304,0.4,0.4,2017-04-29,0100,N,nominal,1.0NRT,277.5,0.9,N
40.74587,29.76957,297.4,0.6,0.7,2017-04-29,0100,N,nominal,1.0NRT,285.3,2,N
41.01967,28.55552,311,0.5,0.7,2017-04-29,0100,N,nominal,1.0NRT,284,1.8,N
40.44731,27.14375,313,0.4,0.6,2017-04-29,0100,N,nominal,1.0NRT,285.6,1.7,N
40.44191,27.14079,313,0.4,0.6,2017-04-29,0100,N,nominal,1.0NRT,287.1,1.7,N
40.44729,27.14317,305.4,0.4,0.6,2017-04-29,0100,N,nominal,1.0NRT,284.8,1.8,N
40.44186,27.14031,308.2,0.4,0.6,2017-04-29,0100,N,nominal,1.0NRT,286.6,1.8,N
39.4819,30.04361,298.6,0.6,0.7,2017-04-29,0100,N,nominal,1.0NRT,278.6,1.6,N
38.65579,30.62037,296.4,0.7,0.8,2017-04-29,0100,N,nominal,1.0NRT,278.6,1.2,N
39.86289,26.2436,296,0.4,0.6,2017-04-29,0100,N,nominal,1.0NRT,283.8,0.2,N
42.93047,10.5341,298.2,0.4,0.4,2017-04-29,0100,N,nominal,1.0NRT,279.9,0.8,N
43.44625,4.89583,320.5,0.5,0.5,2017-04-29,0100,N,nominal,1.0NRT,281.8,2.4,N
43.44579,4.90223,322.2,0.5,0.5,2017-04-29,0100,N,nominal,1.0NRT,280.2,2.4,N
43.44167,4.89518,300.8,0.5,0.5,2017-04-29,0100,N,nominal,1.0NRT,279.6,2.4,N
43.43755,4.88806,337.2,0.5,0.5,2017-04-29,0100,N,nominal,1.0NRT,280.5,2.4,N
43.438,4.88163,295.2,0.5,0.5,2017-04-29,0100,N,nominal,1.0NRT,281.3,2.4,N
43.43708,4.89451,313.3,0.5,0.5,2017-04-29,0100,N,nominal,1.0NRT,281.1,2,N
43.43296,4.8874,310.1,0.5,0.5,2017-04-29,0100,N,nominal,1.0NRT,280.1,2.4,N
43.4325,4.89382,308.5,0.5,0.5,2017-04-29,0100,N,nominal,1.0NRT,280.8,2,N
43.43204,4.90022,302.1,0.5,0.5,2017-04-29,0100,N,nominal,1.0NRT,280,2,N
43.4336,4.88744,331.3,0.5,0.5,2017-04-29,0100,N,nominal,1.0NRT,280.9,3.9,N
43.43311,4.89385,313.5,0.5,0.5,2017-04-29,0100,N,nominal,1.0NRT,281.1,3.9,N
43.43262,4.90024,304.2,0.5,0.5,2017-04-29,0100,N,nominal,1.0NRT,280.2,1.8,N
43.41418,-3.83658,296.6,0.7,0.8,2017-04-29,0100,N,nominal,1.0NRT,277,1.3,N
43.41007,-3.83993,303.8,0.7,0.8,2017-04-29,0100,N,nominal,1.0NRT,278,1.5,N
43.30598,-3.02564,300,0.6,0.7,2017-04-29,0100,N,nominal,1.0NRT,278.1,1,N
38.80091,26.93788,299.1,0.5,0.7,2017-04-29,0100,N,nominal,1.0NRT,287,1.7,N
38.73904,26.95087,303.7,0.5,0.7,2017-04-29,0100,N,nominal,1.0NRT,285.5,1.2,N
38.73349,26.94771,303.8,0.5,0.7,2017-04-29,0100,N,nominal,1.0NRT,284.4,1.6,N
38.37346,24.06039,300,0.4,0.6,2017-04-29,0100,N,nominal,1.0NRT,285.7,0.7,N
38.56351,23.29517,308.5,0.6,0.6,2017-04-29,0100,N,nominal,1.0NRT,286.2,3.1,N
38.37379,24.0609,299.5,0.4,0.6,2017-04-29,0100,N,nominal,1.0NRT,285.5,0.8,N
38.56482,23.29337,321.1,0.6,0.6,2017-04-29,0100,N,nominal,1.0NRT,288.6,3.9,N
38.12693,23.52665,295.3,0.3,0.6,2017-04-29,0100,N,nominal,1.0NRT,282.1,0.2,N
41.31406,1.66222,306.4,0.4,0.6,2017-04-29,0100,N,nominal,1.0NRT,280.2,0.8,N
41.31059,1.66448,300.4,0.4,0.6,2017-04-29,0100,N,nominal,1.0NRT,278.8,0.7,N
41.17527,1.22161,297.4,0.4,0.6,2017-04-29,0100,N,nominal,1.0NRT,284.7,1,N
40.57457,0.54089,298.2,0.4,0.6,2017-04-29,0100,N,nominal,1.0NRT,282.1,0.7,N
38.79621,15.21089,302.5,0.4,0.4,2017-04-29,0100,N,nominal,1.0NRT,282.8,2,N
38.79286,15.20972,318.7,0.4,0.4,2017-04-29,0100,N,nominal,1.0NRT,282,3.2,N
35.87969,4.44812,317,0.4,0.5,2017-04-29,0100,N,nominal,1.0NRT,284.9,2.4,N
35.34725,5.76395,318.6,0.6,0.4,2017-04-29,0100,N,nominal,1.0NRT,285.7,1.9,N
60.1314,16.17938,298,0.3,0.6,2017-04-29,0236,N,nominal,1.0NRT,271.4,0.7,N
64.35639,-21.78543,302.3,0.4,0.6,2017-04-29,0236,N,nominal,1.0NRT,274.6,1.2,N
61.36315,1.57982,327.6,0.4,0.4,2017-04-29,0236,N,nominal,1.0NRT,279.6,2.6,N
61.17618,2.18702,307.5,0.4,0.4,2017-04-29,0236,N,nominal,1.0NRT,278.7,0.8,N
60.46069,-1.25867,304.4,0.4,0.4,2017-04-29,0236,N,nominal,1.0NRT,264,0.5,N
59.56604,1.996,341.8,0.4,0.4,2017-04-29,0236,N,nominal,1.0NRT,280.1,11,N
58.36947,0.07144,317.8,0.4,0.4,2017-04-29,0236,N,nominal,1.0NRT,274.6,1.1,N
58.28979,0.20248,314.7,0.4,0.4,2017-04-29,0236,N,nominal,1.0NRT,274.8,1.1,N
57.97484,1.24151,306.1,0.4,0.4,2017-04-29,0236,N,nominal,1.0NRT,277.1,0.9,N
57.72582,0.84291,296.7,0.4,0.4,2017-04-29,0236,N,nominal,1.0NRT,278.1,0.4,N
57.4669,0.50879,299.2,0.4,0.4,2017-04-29,0236,N,nominal,1.0NRT,277.4,1,N
56.99991,1.29042,296.3,0.5,0.4,2017-04-29,0236,N,nominal,1.0NRT,277.9,0.6,N
56.78115,2.10612,327.2,0.5,0.4,2017-04-29,0236,N,nominal,1.0NRT,279.4,4,N
56.07893,4.22937,314.7,0.4,0.5,2017-04-29,0236,N,nominal,1.0NRT,279,1.6,N
55.57641,4.76112,316.8,0.4,0.5,2017-04-29,0236,N,nominal,1.0NRT,278.9,0.9,N
51.93865,14.64029,303.5,0.6,0.7,2017-04-29,0236,N,nominal,1.0NRT,272,1.4,N
51.93419,14.64192,300,0.6,0.7,2017-04-29,0236,N,nominal,1.0NRT,270.2,1.7,N
51.1781,16.11231,330.4,0.8,0.8,2017-04-29,0236,N,nominal,1.0NRT,272.5,4.6,N
51.1768,16.10469,295.6,0.8,0.8,2017-04-29,0236,N,nominal,1.0NRT,271.2,2.8,N
51.17262,16.11485,307.6,0.8,0.8,2017-04-29,0236,N,nominal,1.0NRT,271.8,2.8,N
53.13834,8.67838,316.5,0.3,0.6,2017-04-29,0236,N,nominal,1.0NRT,276.2,4.7,N
53.1354,8.68793,310.6,0.4,0.6,2017-04-29,0236,N,nominal,1.0NRT,276,2.9,N
53.13215,8.67912,346.9,0.4,0.6,2017-04-29,0236,N,nominal,1.0NRT,277.1,2.9,N
52.4661,7.31937,296.1,0.3,0.6,2017-04-29,0236,N,nominal,1.0NRT,274.6,0.7,N
52.48391,4.58544,335.8,0.5,0.5,2017-04-29,0236,N,nominal,1.0NRT,279.2,3.6,N
52.48198,4.59253,305,0.5,0.5,2017-04-29,0236,N,nominal,1.0NRT,279.7,3.6,N
52.47772,4.58948,315,0.5,0.5,2017-04-29,0236,N,nominal,1.0NRT,280.6,3.6,N
51.47516,7.16209,300.2,0.3,0.6,2017-04-29,0236,N,nominal,1.0NRT,275,1,N
51.47513,7.16103,305.1,0.3,0.6,2017-04-29,0236,N,nominal,1.0NRT,275.3,0.8,N
51.2963,7.01352,297.9,0.3,0.6,2017-04-29,0236,N,nominal,1.0NRT,274.6,0.7,N
51.29625,7.01249,303.3,0.3,0.6,2017-04-29,0236,N,nominal,1.0NRT,274.7,1.1,N
51.36904,4.26959,301.8,0.5,0.5,2017-04-29,0236,N,nominal,1.0NRT,278.1,1.4,N
51.23932,4.32197,338.1,0.6,0.5,2017-04-29,0236,N,nominal,1.0NRT,275.7,5.4,N
51.34172,3.77318,299.6,0.5,0.5,2017-04-29,0236,N,nominal,1.0NRT,278.5,1.5,N
51.18531,4.32849,295.4,0.6,0.5,2017-04-29,0236,N,nominal,1.0NRT,279.4,1.4,N
51.17462,3.81102,322.8,0.5,0.5,2017-04-29,0236,N,nominal,1.0NRT,279.5,5.1,N
51.17031,3.80806,323.7,0.5,0.5,2017-04-29,0236,N,nominal,1.0NRT,279.8,5.1,N
51.16836,3.8152,320.3,0.5,0.5,2017-04-29,0236,N,nominal,1.0NRT,277.8,4.6,N
51.16641,3.82236,334.3,0.5,0.5,2017-04-29,0236,N,nominal,1.0NRT,277,4.6,N
51.166,3.80511,305.4,0.5,0.5,2017-04-29,0236,N,nominal,1.0NRT,276.7,2.5,N
51.17163,3.81107,328.1,0.5,0.5,2017-04-29,0236,N,nominal,1.0NRT,279.9,3.3,N
51.16972,3.81823,320.5,0.5,0.5,2017-04-29,0236,N,nominal,1.0NRT,277.3,3.3,N
51.17353,3.80393,314.8,0.5,0.5,2017-04-29,0236,N,nominal,1.0NRT,278.2,5.1,N
51.1678,3.82542,312.6,0.5,0.5,2017-04-29,0236,N,nominal,1.0NRT,274.9,2.7,N
51.16541,3.81528,323.8,0.5,0.5,2017-04-29,0236,N,nominal,1.0NRT,276.5,3.3,N
51.16732,3.80809,315.6,0.5,0.5,2017-04-29,0236,N,nominal,1.0NRT,277.9,3.3,N
51.62606,-0.50746,316.6,0.5,0.4,2017-04-29,0236,N,nominal,1.0NRT,274.4,2.4,N
50.33582,3.49197,295.2,0.5,0.5,2017-04-29,0236,N,nominal,1.0NRT,275.8,1.1,N
49.35808,6.74833,314.3,0.4,0.6,2017-04-29,0236,N,nominal,1.0NRT,275.5,1.3,N
49.35653,6.75337,307.1,0.4,0.6,2017-04-29,0236,N,nominal,1.0NRT,275.4,1.3,N
52.64218,-8.69138,300.1,0.4,0.4,2017-04-29,0236,N,nominal,1.0NRT,273.8,0.8,N
50.83096,-1.36596,296.6,0.5,0.4,2017-04-29,0236,N,nominal,1.0NRT,281.3,1.2,N
45.68192,9.46666,297.9,0.7,0.8,2017-04-29,0236,N,nominal,1.0NRT,277.6,0.9,N
48.27821,0.46937,319.1,0.5,0.5,2017-04-29,0236,N,nominal,1.0NRT,273.4,2.3,N
45.14526,9.94816,298.1,0.7,0.8,2017-04-29,0236,N,nominal,1.0NRT,276.1,1.6,N
45.14268,9.93978,310.5,0.7,0.8,2017-04-29,0236,N,nominal,1.0NRT,275.6,3,N
43.44595,4.89623,329.2,0.5,0.7,2017-04-29,0236,N,nominal,1.0NRT,280.9,3.7,N
43.43459,4.8895,320.7,0.5,0.7,2017-04-29,0236,N,nominal,1.0NRT,281.1,7.2,N
43.43271,4.89542,310,0.5,0.7,2017-04-29,0236,N,nominal,1.0NRT,279.6,2.8,N
43.44662,4.89378,304.7,0.5,0.7,2017-04-29,0236,N,nominal,1.0NRT,277.5,2.3,N
43.44477,4.89973,316.8,0.5,0.7,2017-04-29,0236,N,nominal,1.0NRT,279.7,2.3,N
43.44095,4.8904,321.5,0.5,0.7,2017-04-29,0236,N,nominal,1.0NRT,278.3,2.3,N
43.43528,4.887,313.2,0.5,0.7,2017-04-29,0236,N,nominal,1.0NRT,278.2,2.6,N
43.43343,4.89293,313.2,0.5,0.7,2017-04-29,0236,N,nominal,1.0NRT,281,2.6,N
43.43156,4.89892,301,0.5,0.7,2017-04-29,0236,N,nominal,1.0NRT,278.5,1.9,N
44.96281,-0.66562,297.5,0.5,0.5,2017-04-29,0236,N,nominal,1.0NRT,272.1,0.6,N
66.02824,8.08302,297.9,0.4,0.4,2017-04-29,0230,N,nominal,1.0NRT,279.2,0.5,N
43.18706,0.9921,300.5,0.3,0.6,2017-04-29,0242,N,nominal,1.0NRT,277.8,1.1,N
43.30656,-3.02527,297.7,0.4,0.5,2017-04-29,0242,N,nominal,1.0NRT,279.6,0.9,N
43.4418,-3.8447,308.8,0.4,0.5,2017-04-29,0242,N,nominal,1.0NRT,281.1,1.2,N
43.52954,-5.72826,298.9,0.5,0.4,2017-04-29,0242,N,nominal,1.0NRT,277.6,1,N
43.52716,-5.73582,326.9,0.5,0.4,2017-04-29,0242,N,nominal,1.0NRT,278,13.2,N
43.52589,-5.7297,305.3,0.5,0.4,2017-04-29,0242,N,nominal,1.0NRT,281.3,7,N
43.55713,-5.89936,297.1,0.5,0.4,2017-04-29,0242,N,nominal,1.0NRT,279,0.8,N
43.52224,-5.73113,297.3,0.5,0.4,2017-04-29,0242,N,nominal,1.0NRT,278.6,7,N
43.55472,-5.90667,303.8,0.5,0.4,2017-04-29,0242,N,nominal,1.0NRT,280.3,1.4,N
43.32961,-5.77593,295.1,0.5,0.4,2017-04-29,0242,N,nominal,1.0NRT,277.7,0.6,N
41.31215,1.66428,308.6,0.4,0.6,2017-04-29,0242,N,nominal,1.0NRT,279.6,0.9,N
43.34723,-8.43644,299.1,0.4,0.4,2017-04-29,0242,N,nominal,1.0NRT,281,0.8,N
42.74217,-7.58865,297.4,0.4,0.4,2017-04-29,0242,N,nominal,1.0NRT,278.1,0.8,N
42.73874,-7.59008,297.3,0.4,0.4,2017-04-29,0242,N,nominal,1.0NRT,275.5,0.8,N
42.98234,-9.08771,296.2,0.4,0.4,2017-04-29,0242,N,nominal,1.0NRT,280.4,0.7,N
42.11825,-8.18821,301.7,0.4,0.4,2017-04-29,0242,N,nominal,1.0NRT,278,1.1,N
41.77885,-7.20749,300.6,0.5,0.4,2017-04-29,0242,N,nominal,1.0NRT,274.7,0.6,N
41.3836,-8.63077,318.6,0.4,0.4,2017-04-29,0242,N,nominal,1.0NRT,278.1,1.6,N
41.33818,-8.69921,298.9,0.4,0.4,2017-04-29,0242,N,nominal,1.0NRT,279.4,0.8,N
41.33723,-8.69419,297.4,0.4,0.4,2017-04-29,0242,N,nominal,1.0NRT,280.9,1.1,N
38.92118,-9.00889,298,0.4,0.4,2017-04-29,0242,N,nominal,1.0NRT,287.2,1.5,N
38.63082,-9.07662,298.5,0.4,0.4,2017-04-29,0242,N,nominal,1.0NRT,284.9,0.9,N
38.62731,-9.07773,314.4,0.4,0.4,2017-04-29,0242,N,nominal,1.0NRT,285.1,1.7,N
38.5015,-8.93514,313.3,0.5,0.4,2017-04-29,0242,N,nominal,1.0NRT,285,1.6,N
37.95734,-8.80168,297.9,0.5,0.4,2017-04-29,0242,N,nominal,1.0NRT,287.6,1.5,N
35.79882,-0.20185,316.1,0.5,0.7,2017-04-29,0242,N,nominal,1.0NRT,281.7,2.1,N
70.68756,23.59387,331.4,0.5,0.7,2017-04-29,0548,N,nominal,1.0NRT,272.4,3.6,D
47.85952,33.44497,335.4,0.8,0.8,2017-04-29,0900,N,nominal,1.0NRT,302.7,8.8,D
47.87051,33.38648,333.7,0.8,0.8,2017-04-29,0900,N,nominal,1.0NRT,297.5,8.3,D
47.86343,33.44323,338.2,0.8,0.8,2017-04-29,0900,N,nominal,1.0NRT,302.3,6.1,D
47.87433,33.38505,330,0.8,0.8,2017-04-29,0900,N,nominal,1.0NRT,296.9,5.8,D
49.67316,32.71143,367,0.7,0.8,2017-04-29,0906,N,nominal,1.0NRT,296.3,15.2,D
49.6792,32.70596,367,0.7,0.8,2017-04-29,0906,N,nominal,1.0NRT,294.7,15.2,D
49.68251,32.71466,333.9,0.7,0.8,2017-04-29,0906,N,nominal,1.0NRT,292,15.2,D
49.67282,32.71215,367,0.7,0.8,2017-04-29,0906,N,nominal,1.0NRT,296,14.2,D
49.67887,32.70672,367,0.7,0.8,2017-04-29,0906,N,nominal,1.0NRT,296.1,18.2,D
49.87097,32.8238,351.2,0.7,0.8,2017-04-29,0906,N,nominal,1.0NRT,295.5,6.7,D
51.08456,33.96164,347.9,0.6,0.7,2017-04-29,0906,N,nominal,1.0NRT,300.6,7.7,D
51.08743,33.96232,336.5,0.6,0.7,2017-04-29,0906,N,nominal,1.0NRT,299.9,4.6,D
51.08484,33.95519,337.7,0.6,0.7,2017-04-29,0906,N,nominal,1.0NRT,299.5,4.6,D
50.60849,31.93998,335.4,0.7,0.8,2017-04-29,0906,N,nominal,1.0NRT,289.9,5.4,D
50.60877,31.94031,329.3,0.7,0.8,2017-04-29,0906,N,nominal,1.0NRT,289.6,8.5,D
51.31286,33.70818,349.3,0.6,0.7,2017-04-29,0906,N,nominal,1.0NRT,297.6,12.1,D
51.31025,33.701,330.3,0.6,0.7,2017-04-29,0906,N,nominal,1.0NRT,295.8,4.8,D
51.85267,34.41726,329.2,0.5,0.7,2017-04-29,0906,N,nominal,1.0NRT,298.5,2,D
52.03064,34.70502,328.5,0.5,0.7,2017-04-29,0906,N,low,1.0NRT,298.9,2.6,D
52.02843,34.69864,331.1,0.5,0.7,2017-04-29,0906,N,nominal,1.0NRT,297.8,1.9,D
51.90126,34.31363,342.9,0.5,0.7,2017-04-29,0906,N,nominal,1.0NRT,298.2,3.7,D
51.0247,31.89087,367,0.7,0.8,2017-04-29,0906,N,nominal,1.0NRT,290.8,30.7,D
51.8476,33.69799,342.1,0.5,0.7,2017-04-29,0906,N,nominal,1.0NRT,293.4,5.2,D
51.84502,33.69078,341.3,0.5,0.7,2017-04-29,0906,N,nominal,1.0NRT,293.4,5.2,D
51.8463,33.69856,341.3,0.5,0.7,2017-04-29,0906,N,nominal,1.0NRT,293.4,9,D
51.8437,33.69138,339.9,0.5,0.7,2017-04-29,0906,N,nominal,1.0NRT,293.7,7.2,D
52.12963,34.23173,337.5,0.5,0.7,2017-04-29,0906,N,nominal,1.0NRT,297.4,5.6,D
52.13501,34.22694,367,0.5,0.7,2017-04-29,0906,N,nominal,1.0NRT,297.4,5.6,D
52.13731,34.23349,326.1,0.5,0.7,2017-04-29,0906,N,nominal,1.0NRT,297.1,11.1,D
52.24722,34.42899,329.2,0.5,0.7,2017-04-29,0906,N,nominal,1.0NRT,297.9,5.7,D
51.87529,33.35161,367,0.5,0.7,2017-04-29,0906,N,nominal,1.0NRT,296.9,12.9,D
52.24321,34.43081,333.6,0.5,0.7,2017-04-29,0906,N,nominal,1.0NRT,297,3.2,D
52.241,34.42454,326.1,0.5,0.7,2017-04-29,0906,N,low,1.0NRT,296.9,2.3,D
51.87215,33.35362,367,0.5,0.7,2017-04-29,0906,N,nominal,1.0NRT,298.5,12.2,D
52.09452,33.84909,341.7,0.5,0.7,2017-04-29,0906,N,nominal,1.0NRT,298.6,7.9,D
52.09755,33.83739,367,0.5,0.7,2017-04-29,0906,N,nominal,1.0NRT,315.7,44.6,D
52.09991,33.84403,348.2,0.5,0.7,2017-04-29,0906,N,nominal,1.0NRT,299.3,44.6,D
52.09522,33.83085,343.1,0.5,0.7,2017-04-29,0906,N,nominal,1.0NRT,296.8,44.4,D
52.10531,33.839,335.9,0.5,0.7,2017-04-29,0906,N,nominal,1.0NRT,295.2,44.6,D
52.49681,34.84672,336,0.5,0.7,2017-04-29,0906,N,nominal,1.0NRT,297.1,3.1,D
52.49678,34.84896,326.7,0.5,0.7,2017-04-29,0906,N,low,1.0NRT,297.3,5.1,D
52.50311,34.41833,328.2,0.5,0.7,2017-04-29,0906,N,nominal,1.0NRT,297.3,3.3,D
52.51061,34.41999,338.2,0.5,0.7,2017-04-29,0906,N,nominal,1.0NRT,297.5,9.5,D
52.50842,34.41367,331.5,0.5,0.7,2017-04-29,0906,N,nominal,1.0NRT,296.6,3.3,D
51.64814,31.99256,332.2,0.6,0.7,2017-04-29,0906,N,nominal,1.0NRT,288.6,6,D
52.79818,34.90181,349.8,0.4,0.6,2017-04-29,0906,N,nominal,1.0NRT,300.1,9.4,D
52.80328,34.89704,353.7,0.4,0.6,2017-04-29,0906,N,nominal,1.0NRT,300.5,7.7,D
52.86769,34.82929,328.8,0.4,0.6,2017-04-29,0906,N,nominal,1.0NRT,298.6,2.3,D
52.86572,34.88327,338.6,0.4,0.6,2017-04-29,0906,N,nominal,1.0NRT,296.9,4.7,D
53.41777,34.90252,326.4,0.4,0.6,2017-04-29,0906,N,nominal,1.0NRT,280.2,3.9,D
53.07447,33.70009,333.3,0.5,0.7,2017-04-29,0906,N,nominal,1.0NRT,292.7,8.6,D
53.07223,33.69366,347.3,0.5,0.7,2017-04-29,0906,N,nominal,1.0NRT,289.7,6,D
53.0842,33.70797,329.4,0.5,0.7,2017-04-29,0906,N,nominal,1.0NRT,294,4.6,D
53.13579,33.83664,367,0.5,0.7,2017-04-29,0906,N,nominal,1.0NRT,294.3,10.5,D
53.13363,33.83038,350.8,0.5,0.7,2017-04-29,0906,N,nominal,1.0NRT,292.2,10.5,D
53.11599,33.77946,338.8,0.5,0.7,2017-04-29,0906,N,nominal,1.0NRT,293.1,6.2,D
53.14314,33.83784,367,0.5,0.7,2017-04-29,0906,N,nominal,1.0NRT,295,40.3,D
53.14095,33.8315,367,0.5,0.7,2017-04-29,0906,N,nominal,1.0NRT,307.7,36.3,D
53.13876,33.82517,345.4,0.5,0.7,2017-04-29,0906,N,nominal,1.0NRT,294.1,36.3,D
53.14833,33.83282,367,0.5,0.7,2017-04-29,0906,N,nominal,1.0NRT,303.8,40.3,D
53.15051,33.83913,327.2,0.5,0.7,2017-04-29,0906,N,nominal,1.0NRT,291.3,40.3,D
53.14614,33.8265,353.6,0.5,0.7,2017-04-29,0906,N,nominal,1.0NRT,300.7,36.3,D
53.14396,33.82016,328,0.5,0.7,2017-04-29,0906,N,nominal,1.0NRT,293.3,36.3,D
53.11757,33.74385,335,0.5,0.7,2017-04-29,0906,N,nominal,1.0NRT,293.8,4.5,D
53.07174,33.70156,332.3,0.5,0.7,2017-04-29,0906,N,nominal,1.0NRT,292.9,3.6,D
53.13369,33.83746,344.7,0.5,0.7,2017-04-29,0906,N,nominal,1.0NRT,291.9,6.6,D
53.11362,33.78047,339.7,0.5,0.7,2017-04-29,0906,N,nominal,1.0NRT,292.9,2.9,D
53.08675,33.70436,325.6,0.5,0.7,2017-04-29,0906,N,nominal,1.0NRT,295.1,4.9,D
53.13883,33.83229,367,0.5,0.7,2017-04-29,0906,N,nominal,1.0NRT,302.5,44.4,D
53.14105,33.83863,347.8,0.5,0.7,2017-04-29,0906,N,nominal,1.0NRT,293.3,44.4,D
53.13663,33.82605,346.9,0.5,0.7,2017-04-29,0906,N,nominal,1.0NRT,294.7,24.8,D
53.14624,33.83358,367,0.5,0.7,2017-04-29,0906,N,nominal,1.0NRT,303,44.4,D
53.14402,33.82728,350.6,0.5,0.7,2017-04-29,0906,N,nominal,1.0NRT,309.9,44.4,D
53.14182,33.82098,336.8,0.5,0.7,2017-04-29,0906,N,nominal,1.0NRT,293.7,24.8,D
53.11513,33.74509,338.9,0.5,0.7,2017-04-29,0906,N,nominal,1.0NRT,294.3,4,D
53.1515,33.82877,367,0.5,0.7,2017-04-29,0906,N,nominal,1.0NRT,292.1,15.2,D
53.15367,33.83497,334.1,0.5,0.7,2017-04-29,0906,N,nominal,1.0NRT,290.6,13.3,D
53.16235,33.64067,367,0.5,0.7,2017-04-29,0906,N,nominal,1.0NRT,297.3,11.1,D
53.16758,33.63564,367,0.5,0.7,2017-04-29,0906,N,nominal,1.0NRT,295.7,6.9,D
53.16518,33.64028,345.6,0.5,0.7,2017-04-29,0906,N,nominal,1.0NRT,295.1,4.8,D
53.16292,33.63393,333.1,0.5,0.7,2017-04-29,0906,N,nominal,1.0NRT,292.9,4.8,D
53.17041,33.63525,335.7,0.5,0.7,2017-04-29,0906,N,nominal,1.0NRT,292.8,4.8,D
53.37515,33.92333,348.3,0.5,0.7,2017-04-29,0906,N,nominal,1.0NRT,295.4,5.1,D
53.26526,33.5867,348.4,0.5,0.7,2017-04-29,0906,N,nominal,1.0NRT,294.9,6.2,D
53.23152,33.43016,341.2,0.5,0.7,2017-04-29,0906,N,nominal,1.0NRT,293.1,7,D
53.22843,33.43195,333.6,0.5,0.7,2017-04-29,0906,N,nominal,1.0NRT,291.9,3.8,D
53.23369,33.42691,337.4,0.5,0.7,2017-04-29,0906,N,nominal,1.0NRT,292.7,3.8,D
53.94187,34.92115,367,0.4,0.6,2017-04-29,0906,N,nominal,1.0NRT,300.9,8.2,D
53.93103,34.88835,337.7,0.4,0.6,2017-04-29,0906,N,nominal,1.0NRT,298.3,17.5,D
53.92747,34.87756,332.5,0.4,0.6,2017-04-29,0906,N,nominal,1.0NRT,295.6,15,D
53.94683,34.91664,367,0.4,0.6,2017-04-29,0906,N,nominal,1.0NRT,302.7,8.2,D
53.93415,34.87823,367,0.4,0.6,2017-04-29,0906,N,nominal,1.0NRT,305.9,17.5,D
53.94872,34.92236,350.1,0.4,0.6,2017-04-29,0906,N,nominal,1.0NRT,299,15.7,D
53.94496,34.91095,341.3,0.4,0.6,2017-04-29,0906,N,nominal,1.0NRT,296.6,8.2,D
53.93594,34.88365,332,0.4,0.6,2017-04-29,0906,N,nominal,1.0NRT,296.4,17.5,D
53.93237,34.87282,343.1,0.4,0.6,2017-04-29,0906,N,nominal,1.0NRT,299.6,15,D
53.9537,34.91789,367,0.4,0.6,2017-04-29,0906,N,nominal,1.0NRT,298.4,19.3,D
53.95183,34.91223,367,0.4,0.6,2017-04-29,0906,N,nominal,1.0NRT,298.9,17,D
54.0756,34.93808,342,0.4,0.6,2017-04-29,0906,N,nominal,1.0NRT,295.9,6.4,D
54.08054,34.93356,367,0.4,0.6,2017-04-29,0906,N,nominal,1.0NRT,297.7,5.9,D
54.08239,34.93921,335.9,0.4,0.6,2017-04-29,0906,N,nominal,1.0NRT,294,5.9,D
